"path","source","size","source_sha256","package_sha256","role"
"00_START_HERE/ALGORITHM_REGISTRY.csv","完整源文件打包工作区_20260715/build_spec/templates/00_START_HERE/ALGORITHM_REGISTRY.csv","1031","07600D13A9F2D64EC863DF817288AD7EB1C8DD223F776155D75B894CD81EFABC","6EE8A7C55E6DE4544C4F18ABAB8ED95E23BDBEB97F909F3A878941750ED8E5F1","package_documentation_or_audit"
"00_START_HERE/EVIDENCE_INDEX.csv","完整源文件打包工作区_20260715/build_spec/templates/00_START_HERE/EVIDENCE_INDEX.csv","1742","0CE778F4ED076BC51D361864307B7351CBE8666AE89B2CD4363527DE026481F9","6A563B6DD964C2EA9977C2017AA34ADBCF92C470B2CF660876662056316C5237","package_documentation_or_audit"
"00_START_HERE/README_项目总览与使用入口.md","完整源文件打包工作区_20260715/build_spec/templates/00_START_HERE/README_项目总览与使用入口.md","5315","9136D950568F45D41DAE6DC9EE956CBD02846A23AE47D3041C34AFEC75C44586","B3E36528CEABD09DCDC9A8B1FBE5837B04B08993CCF1BEEF46277533BF947D83","package_documentation_or_audit"
"00_START_HERE/RELEASE.json","完整源文件打包工作区_20260715/build_spec/templates/00_START_HERE/RELEASE.json","965","3F7FE68535B2C935AEB0518F30DDE49A617E0A87C863B3DD68F1F489913EC7D6","1826065E9A4D3E753171D57D10E055AF9C87BB5E278A310DF4E1C5CFAEABC290","package_documentation_or_audit"
"00_START_HERE/SCENE_INDEX.csv","完整源文件打包工作区_20260715/build_spec/templates/00_START_HERE/SCENE_INDEX.csv","1982","9FAF2A4749AA0700EFE7E31F1476C676A1CC689A6990380024C56F89404445B3","9FAF2A4749AA0700EFE7E31F1476C676A1CC689A6990380024C56F89404445B3","package_documentation_or_audit"
"01_models/baseline/A8FormalSO3V8PX4AllocV1A_20260712.mo","A8比赛工程最终成果包_20260715_RA_GCA_CG_HTE/01_models/baseline/A8FormalSO3V8PX4AllocV1A_20260712.mo","31271","BBBD64CEBE0A580337EF634B2F455B9A43627990B5E7A2A752D9CB219DDF8A6A","BBBD64CEBE0A580337EF634B2F455B9A43627990B5E7A2A752D9CB219DDF8A6A","formal_main_chain_and_official_dependencies"
"01_models/baselines/pid_standard_steps/PID_X/package.mo","正式核心鲁棒控制与现场场景强化_20260712/01_models/modelica/standard_step_variants/PID_X/package.mo","5118","62AAE550542BEADC6ADFC7E33505FE5685CFF496CD731837F35D856C746B3576","2016B932D95D332987752361E0A08FD84F0EF9BC0896B38B209DA7BDADD55322","official_pid_x_step_wrapper"
"01_models/baselines/pid_standard_steps/PID_Y/package.mo","正式核心鲁棒控制与现场场景强化_20260712/01_models/modelica/standard_step_variants/PID_Y/package.mo","5118","453690D1B36725EE470CC34202FD149B0AAEB0BA4C6885EEFB0C879EB5296C6B","3C2FFA7FB5702BB90BD97956ACE7E9ED064EFE576B30E7E62F19DA4F1E10BB42","official_pid_y_step_wrapper"
"01_models/baselines/pid_standard_steps/PID_Z/package.mo","正式核心鲁棒控制与现场场景强化_20260712/01_models/modelica/standard_step_variants/PID_Z/package.mo","5121","B88371431486A11C518BCDBB383455F4C43963A23E39D5E55B659102C78E807B","3B6EB0B9A8FAB60EDAADB8DF1BB546FC9093B11662C76CEEE62761F6D135D35D","official_pid_z_step_wrapper"
"01_models/baselines/ra_gca_v8_public_scenes/package.mo","正式PX4_INDI适配_20260712/02_派生模型/formal_so3_v8_px4alloc_v1/package.mo","15217","6CC12B332B4399F2AAE745E6E8F99B3A8DCC6BCFFFD569ABA3DD861A69D6CC20","6CC12B332B4399F2AAE745E6E8F99B3A8DCC6BCFFFD569ABA3DD861A69D6CC20","v8_public_scene_wrapper"
"01_models/comparators/cap_adrc/A8FormalADRCV11PX4AllocV1A_20260712.mo","正式PX4_INDI适配_20260712/01_Sysblock构建/A8FormalADRCV11PX4AllocV1A_20260712.mo","47759","62D9ED18FDBF89CE24F66DC795847CB65510C05A1D926BB8948E5CB29316E8E1","62D9ED18FDBF89CE24F66DC795847CB65510C05A1D926BB8948E5CB29316E8E1","cap_adrc_controller"
"01_models/comparators/cap_adrc/package.mo","正式PX4_INDI适配_20260712/02_派生模型/formal_adrc_v11_px4alloc_v1/package.mo","15732","A72104432E9E127BBA82E8E33FCCA735182EA84079DEDFFAB59247896F4BD16A","C7EA74D4D2CDEDF3DDC0EC63CED9D8D7C25AA63B6C9B74B4450C8DB33A1CA465","cap_adrc_five_scene_plant"
"01_models/comparators/cp_indi/A8FormalINDICommandProxyV1A_20260712.mo","正式PX4_INDI适配_20260712/01_Sysblock构建/A8FormalINDICommandProxyV1A_20260712.mo","41200","E71A911BDD353BFF74C1DDC831B0D3354058B42973A66125F3ABDBBB1794E7F4","E71A911BDD353BFF74C1DDC831B0D3354058B42973A66125F3ABDBBB1794E7F4","cp_indi_controller"
"01_models/comparators/cp_indi/package.mo","正式PX4_INDI适配_20260712/02_派生模型/formal_indi_command_proxy_v1/package.mo","15738","318F1B23188CDF5FE7EEC8F71D246E09E6BDABF370B91405C39D214484E415D7","7DF7566B7C6CF4E297786076A42C2BB76FE9081992BEC469EC99ED164FDBC512","cp_indi_five_scene_plant"
"01_models/comparators/ra_gca_base/A8FormalSO3V1F_20260711.mo","正式外部算法适配_20260711/02_Sysblock控制器/formal_so3_v1/A8FormalSO3V1F_20260711.mo","23118","D8491459B11694017C50323BA28BC0070B586192B070389266E8F7556E6F2BE4","857769FDC72CCE61B5D38A034A5E7DF62188F375B11562F113C3E94A656C8C3E","ra_gca_base_controller"
"01_models/comparators/ra_gca_base/plant/package.mo","正式外部算法适配_20260711/03_派生集成模型/formal_so3_v1/package.mo","13913","D683F4AB4D3699D9E31980ED4CCFE036745F24D8277FD3FE23449CFAE917D2DD","EFFEAC7B201248DC259BCEC712F016BCAE02CDE8115690D41C8D305FC9F0EB1C","ra_gca_base_verified_four_scene_plant"
"01_models/dependencies/A8FormalPidTwin/package.mo","A8比赛工程最终成果包_20260715_RA_GCA_CG_HTE/01_models/dependencies/A8FormalPidTwin/package.mo","4016","27C075BD15521B234E710025AB7484E0BA7E1B23733664B0BFAECF33E45DA28D","27C075BD15521B234E710025AB7484E0BA7E1B23733664B0BFAECF33E45DA28D","formal_main_chain_and_official_dependencies"
"01_models/dependencies/formation/A8FormalFormationNominalSupervisorV1A_20260712.mo","A8比赛工程最终成果包_20260715_RA_GCA_CG_HTE/01_models/dependencies/formation/A8FormalFormationNominalSupervisorV1A_20260712.mo","59540","1EB76EAED07321CC6351DEC82F6AEA594765212DB94CABB9C38FFF55063C5B24","1EB76EAED07321CC6351DEC82F6AEA594765212DB94CABB9C38FFF55063C5B24","formal_main_chain_and_official_dependencies"
"01_models/dependencies/formation/A8FormationScene07COffV1Plant20260712/package.mo","A8比赛工程最终成果包_20260715_RA_GCA_CG_HTE/01_models/dependencies/formation/A8FormationScene07COffV1Plant20260712/package.mo","12819","AD88E6DFC86B9FDAD660089EDFE5539846C1ED7810601CEACE71E9D00ED82672","AD88E6DFC86B9FDAD660089EDFE5539846C1ED7810601CEACE71E9D00ED82672","formal_main_chain_and_official_dependencies"
"01_models/dependencies/formation/A8FormationScene07COnRobustV3Plant20260712/package.mo","A8比赛工程最终成果包_20260715_RA_GCA_CG_HTE/01_models/dependencies/formation/A8FormationScene07COnRobustV3Plant20260712/package.mo","12845","48400A0D59DCC225BFF15F35D01F4A784249AE8C639D94C3EB3B744AD7FB7FE8","48400A0D59DCC225BFF15F35D01F4A784249AE8C639D94C3EB3B744AD7FB7FE8","formal_main_chain_and_official_dependencies"
"01_models/dependencies/formation/A8FormationScene07V1Plant20260712/package.mo","A8比赛工程最终成果包_20260715_RA_GCA_CG_HTE/01_models/dependencies/formation/A8FormationScene07V1Plant20260712/package.mo","13002","06063CC94D529507B289B788F66ABE2A1C9D5BBA0DDAF6EBF9287F336D2E5AFF","06063CC94D529507B289B788F66ABE2A1C9D5BBA0DDAF6EBF9287F336D2E5AFF","formal_main_chain_and_official_dependencies"
"01_models/modelica/A8RAGCACGHTEFormationValidationPlant20260715/package.mo","A8比赛工程最终成果包_20260715_RA_GCA_CG_HTE/01_models/modelica/A8RAGCACGHTEFormationValidationPlant20260715/package.mo","14070","9CDD9AB9CA70A481D236096BF79A409F7D4494F244D6E1CD9EDE0123B20FF848","9CDD9AB9CA70A481D236096BF79A409F7D4494F244D6E1CD9EDE0123B20FF848","formal_main_chain_and_official_dependencies"
"01_models/modelica/A8RAGCACGHTEPhaseValidationPlant20260715/package.mo","A8比赛工程最终成果包_20260715_RA_GCA_CG_HTE/01_models/modelica/A8RAGCACGHTEPhaseValidationPlant20260715/package.mo","17063","504840E3EB27CA05DEF8F12E0F42DECB443C9ED403294AB5058D431FC21B0826","A6CFE2D9483D5DD5263AACF258249E7FF732FB55E7E048CE32C8419EDD4B5C14","formal_main_chain_and_official_dependencies"
"01_models/modelica/A8RAGCACGHTEPlant20260715/package.mo","A8比赛工程最终成果包_20260715_RA_GCA_CG_HTE/01_models/modelica/A8RAGCACGHTEPlant20260715/package.mo","17086","ADEF2E58A298C6BE26538FA3C093B7675908B549FDF66E1807A1CB254612A878","54BBDD79E1884AC5FF50A92D12F4AADC9E0E0699631BED9A32B610A42EACF280","formal_main_chain_and_official_dependencies"
"01_models/modelica/A8RAGCACGHTEStepPlant20260715/package.mo","A8比赛工程最终成果包_20260715_RA_GCA_CG_HTE/01_models/modelica/A8RAGCACGHTEStepPlant20260715/package.mo","3887","29936B8E0BB8CF41B1F5FE25CEEEC931D4829E78584BC0E227CBDBADB21C4D55","29936B8E0BB8CF41B1F5FE25CEEEC931D4829E78584BC0E227CBDBADB21C4D55","formal_main_chain_and_official_dependencies"
"01_models/official/QuadrotorModel/package.mo","A8比赛工程最终成果包_20260715_RA_GCA_CG_HTE/01_models/official/QuadrotorModel/package.mo","129303","B39A8B23665A3B05CF3FAD406744021F0E65541A02D1EF052D2BD10BA7E76352","B39A8B23665A3B05CF3FAD406744021F0E65541A02D1EF052D2BD10BA7E76352","formal_main_chain_and_official_dependencies"
"01_models/official/QuadrotorModel/Resources/Images/Dronepic.jpg","A8比赛工程最终成果包_20260715_RA_GCA_CG_HTE/01_models/official/QuadrotorModel/Resources/Images/Dronepic.jpg","55328","9B5B71B3FB2FC26B0CE9AA05F13EB749EA887D79A8CCE4D75DE7E8E90EA3FB4A","9B5B71B3FB2FC26B0CE9AA05F13EB749EA887D79A8CCE4D75DE7E8E90EA3FB4A","formal_main_chain_and_official_dependencies"
"01_models/official/QuadrotorModel/Resources/Images/Joystick.png","A8比赛工程最终成果包_20260715_RA_GCA_CG_HTE/01_models/official/QuadrotorModel/Resources/Images/Joystick.png","51332","09BBAE53542EC157FC708C018E0A94B1452E0F8A88A106ABAE72E4FAF5D499AF","09BBAE53542EC157FC708C018E0A94B1452E0F8A88A106ABAE72E4FAF5D499AF","formal_main_chain_and_official_dependencies"
"01_models/official/QuadrotorModel/Resources/Images/Quadpic - 副本.png","A8比赛工程最终成果包_20260715_RA_GCA_CG_HTE/01_models/official/QuadrotorModel/Resources/Images/Quadpic - 副本.png","782012","60EBA90A8E8954CB3AF53A1B3F4B916DB6B38038CA4AD4A64C2357B1AD585FFD","60EBA90A8E8954CB3AF53A1B3F4B916DB6B38038CA4AD4A64C2357B1AD585FFD","formal_main_chain_and_official_dependencies"
"01_models/official/QuadrotorModel/Resources/Images/Quadpic 2.png","A8比赛工程最终成果包_20260715_RA_GCA_CG_HTE/01_models/official/QuadrotorModel/Resources/Images/Quadpic 2.png","785217","870563E1F62FD3423E23BD877029C8283D9F0701936D4AE806882A7A88F59BD7","870563E1F62FD3423E23BD877029C8283D9F0701936D4AE806882A7A88F59BD7","formal_main_chain_and_official_dependencies"
"01_models/official/QuadrotorModel/Resources/Images/Quadpic 5.png","A8比赛工程最终成果包_20260715_RA_GCA_CG_HTE/01_models/official/QuadrotorModel/Resources/Images/Quadpic 5.png","708535","3B9A225E4250E2D8742BD3B900CD11BB2478886A2DF31888F7F688C8448837DC","3B9A225E4250E2D8742BD3B900CD11BB2478886A2DF31888F7F688C8448837DC","formal_main_chain_and_official_dependencies"
"01_models/official/QuadrotorModel/Resources/Images/Quadpic.png","A8比赛工程最终成果包_20260715_RA_GCA_CG_HTE/01_models/official/QuadrotorModel/Resources/Images/Quadpic.png","761544","54267D0D48504511719279727E126D2AC165BFDAAEE8C50A4FB3A0317D829A09","54267D0D48504511719279727E126D2AC165BFDAAEE8C50A4FB3A0317D829A09","formal_main_chain_and_official_dependencies"
"01_models/official/QuadrotorModel/Resources/Images/图片1.png","A8比赛工程最终成果包_20260715_RA_GCA_CG_HTE/01_models/official/QuadrotorModel/Resources/Images/图片1.png","399079","EEEB9196430F2C60899548A5F953A906C8B922950CAA6B3B174267C341696AE9","EEEB9196430F2C60899548A5F953A906C8B922950CAA6B3B174267C341696AE9","formal_main_chain_and_official_dependencies"
"01_models/official/QuadrotorModel/Resources/Visualization/DroneBlade.hsf","A8比赛工程最终成果包_20260715_RA_GCA_CG_HTE/01_models/official/QuadrotorModel/Resources/Visualization/DroneBlade.hsf","6233","BB4708210A1BAB2D7A625ED9A75666C2E93BE54CF5082092F9A8B3BBE8ECC263","BB4708210A1BAB2D7A625ED9A75666C2E93BE54CF5082092F9A8B3BBE8ECC263","formal_main_chain_and_official_dependencies"
"01_models/official/QuadrotorModel/Resources/Visualization/DroneBlade.stl","A8比赛工程最终成果包_20260715_RA_GCA_CG_HTE/01_models/official/QuadrotorModel/Resources/Visualization/DroneBlade.stl","90284","E8AB49DEE09207D328358E457A1320F5622F3284675BF71D196D5B1330FC91D1","E8AB49DEE09207D328358E457A1320F5622F3284675BF71D196D5B1330FC91D1","formal_main_chain_and_official_dependencies"
"01_models/official/QuadrotorModel/Resources/Visualization/DroneBody.hsf","A8比赛工程最终成果包_20260715_RA_GCA_CG_HTE/01_models/official/QuadrotorModel/Resources/Visualization/DroneBody.hsf","250300","C36CE8C4CB65950BEDF910BDA2D954C30B9EDA4E361F5ECDF40843307C75C9AB","C36CE8C4CB65950BEDF910BDA2D954C30B9EDA4E361F5ECDF40843307C75C9AB","formal_main_chain_and_official_dependencies"
"01_models/official/QuadrotorModel/Resources/Visualization/DroneBody.stl","A8比赛工程最终成果包_20260715_RA_GCA_CG_HTE/01_models/official/QuadrotorModel/Resources/Visualization/DroneBody.stl","2861584","C16359AC994E556E4E13F2F33E9CD8997B7EEA1413FBF56F84EE950487F67C0A","C16359AC994E556E4E13F2F33E9CD8997B7EEA1413FBF56F84EE950487F67C0A","formal_main_chain_and_official_dependencies"
"01_models/official/QuadrotorModel/Resources/Visualization/Jichang1.dxf","A8比赛工程最终成果包_20260715_RA_GCA_CG_HTE/01_models/official/QuadrotorModel/Resources/Visualization/Jichang1.dxf","28368179","BB8909BEC2C91C2577D279ED0F0A68EC85046312C21BD702D2D4C9A9E5D7A245","BB8909BEC2C91C2577D279ED0F0A68EC85046312C21BD702D2D4C9A9E5D7A245","formal_main_chain_and_official_dependencies"
"01_models/official/QuadrotorModel/Resources/Visualization/Jichang1.hsf","A8比赛工程最终成果包_20260715_RA_GCA_CG_HTE/01_models/official/QuadrotorModel/Resources/Visualization/Jichang1.hsf","221828","839A55DB7873472B5FD36B54FC58BD9DB937B4DCFBC0DF232639A710C60E581E","839A55DB7873472B5FD36B54FC58BD9DB937B4DCFBC0DF232639A710C60E581E","formal_main_chain_and_official_dependencies"
"01_models/official/QuadrotorModel/Resources/Visualization/Jichang1.mtl","A8比赛工程最终成果包_20260715_RA_GCA_CG_HTE/01_models/official/QuadrotorModel/Resources/Visualization/Jichang1.mtl","1261","6F8DD8253B3D99345F2DB031B043AAAE100F1D3C6372932EBED273CCCE0EAF05","6F8DD8253B3D99345F2DB031B043AAAE100F1D3C6372932EBED273CCCE0EAF05","formal_main_chain_and_official_dependencies"
"01_models/official/QuadrotorModel/Resources/Visualization/Jichang1.obj","A8比赛工程最终成果包_20260715_RA_GCA_CG_HTE/01_models/official/QuadrotorModel/Resources/Visualization/Jichang1.obj","8208819","45C1FAA5159416DA1241E601BC070E11065297B5A5397729EB2B751C282A8D4C","45C1FAA5159416DA1241E601BC070E11065297B5A5397729EB2B751C282A8D4C","formal_main_chain_and_official_dependencies"
"01_models/official/QuadrotorModel/Resources/Visualization/Jichang1.stl","A8比赛工程最终成果包_20260715_RA_GCA_CG_HTE/01_models/official/QuadrotorModel/Resources/Visualization/Jichang1.stl","5417184","F905EBD7B6C73D5A37BA76B3424250087C19B3C5355398C87256D9D564D1B9BD","F905EBD7B6C73D5A37BA76B3424250087C19B3C5355398C87256D9D564D1B9BD","formal_main_chain_and_official_dependencies"
"01_models/official/QuadrotorModel/Resources/Visualization/jijia.stl","A8比赛工程最终成果包_20260715_RA_GCA_CG_HTE/01_models/official/QuadrotorModel/Resources/Visualization/jijia.stl","14532434","219FE7F87ECFCD431C36EC630349B75EB6218734D9448D8CDE13E4B9913E5713","219FE7F87ECFCD431C36EC630349B75EB6218734D9448D8CDE13E4B9913E5713","formal_main_chain_and_official_dependencies"
"01_models/official/QuadrotorModel/Resources/Visualization/QuadBody.hsf","A8比赛工程最终成果包_20260715_RA_GCA_CG_HTE/01_models/official/QuadrotorModel/Resources/Visualization/QuadBody.hsf","372955","CC8683BC3DA3F059B72FF16101F1AF7262E0EEDF51A0424A9D8ECFA13CDE51C3","CC8683BC3DA3F059B72FF16101F1AF7262E0EEDF51A0424A9D8ECFA13CDE51C3","formal_main_chain_and_official_dependencies"
"01_models/official/QuadrotorModel/Resources/Visualization/QuadBody.stl","A8比赛工程最终成果包_20260715_RA_GCA_CG_HTE/01_models/official/QuadrotorModel/Resources/Visualization/QuadBody.stl","3798584","4595E6BF3F71E6E0142947FFBE5FA8F10A7069E481BA75E8EA8533FE8F6A14BA","4595E6BF3F71E6E0142947FFBE5FA8F10A7069E481BA75E8EA8533FE8F6A14BA","formal_main_chain_and_official_dependencies"
"01_models/official/QuadrotorModel/Resources/Visualization/QuadPropeller.hsf","A8比赛工程最终成果包_20260715_RA_GCA_CG_HTE/01_models/official/QuadrotorModel/Resources/Visualization/QuadPropeller.hsf","40672","E41F80C18B58AEBFD7272195DC96B77B925CD1D0F68BE3774F47A0D6AB37F74F","E41F80C18B58AEBFD7272195DC96B77B925CD1D0F68BE3774F47A0D6AB37F74F","formal_main_chain_and_official_dependencies"
"01_models/official/QuadrotorModel/Resources/Visualization/QuadPropeller.stl","A8比赛工程最终成果包_20260715_RA_GCA_CG_HTE/01_models/official/QuadrotorModel/Resources/Visualization/QuadPropeller.stl","1008584","661388217EBEECBD39AA5585CC07CFC00817F50D05AE60F71EF0686F725E0D5D","661388217EBEECBD39AA5585CC07CFC00817F50D05AE60F71EF0686F725E0D5D","formal_main_chain_and_official_dependencies"
"01_models/sysblock/A8FormalRAGCACGHTE_20260715.mo","A8比赛工程最终成果包_20260715_RA_GCA_CG_HTE/01_models/sysblock/A8FormalRAGCACGHTE_20260715.mo","61977","1D30F358C8314D6B9560E439CA2074E5F7585286717E7F35590EC0B8D9007976","0BADB8524026CA8EFF93BEC55C56AB91866D2E7363DC69697407C234116E1BCA","formal_main_chain_and_official_dependencies"
"01_models/sysblock/formation/A8CBFPairProjectorPredictiveV5C_20260712.mo","A8比赛工程最终成果包_20260715_RA_GCA_CG_HTE/01_models/sysblock/formation/A8CBFPairProjectorPredictiveV5C_20260712.mo","18296","80034028B0BD8F968CD2129D8C009D5D1C9E7BD9E474C7203D14969F86A48B03","34728783FFBD701A96E6AA912721565F49C79A1B9AA6B86EA7EE09BC04857DFD","formal_main_chain_and_official_dependencies"
"01_models/sysblock/formation/A8CBFPredictiveKernelV5C_20260712.mo","A8比赛工程最终成果包_20260715_RA_GCA_CG_HTE/01_models/sysblock/formation/A8CBFPredictiveKernelV5C_20260712.mo","81632","DB80E1519AEBA7711C50BC5622D30FCE13129514A048177F2A21E08CA2190206","E45E6F614D7F12B2AC57A0FCC128DDC6BDD507DAAEBBA5163319BDE485BF8973","formal_main_chain_and_official_dependencies"
"01_models/sysblock/formation/A8FormalFormationPredictiveCBFV5C_20260712.mo","A8比赛工程最终成果包_20260715_RA_GCA_CG_HTE/01_models/sysblock/formation/A8FormalFormationPredictiveCBFV5C_20260712.mo","108586","25DA93C00C6D6C214B2D3E0CBCCCC275E8C37F35CE07958E9396453213E15AA4","FA47DF1C51D5656D14F372929B95AE16321B8E28878ED5931364CEFBBF7336BD","formal_main_chain_and_official_dependencies"
"02_scripts/audit/build_manifest.py","完整源文件打包工作区_20260715/build_spec/templates/02_scripts/audit/build_manifest.py","1623","B1AEB07515534FA1462769CE0CDCFF81305431749B52C92AE6BE4413B5DD1C1D","490FD2F00A22195B7C6C29BD17CAD8BA430ADFC1EBA49AC93BDA7D1BE8A75961","package_documentation_or_audit"
"02_scripts/audit/package_audit.py","完整源文件打包工作区_20260715/build_spec/templates/02_scripts/audit/package_audit.py","14223","E336D5746F9557B642366E19B0A90C3760EEF4C9FCE72ADEB422C9CA832A1D1F","6B8515F6EE74E7F70D1B66105F1886B2B1752EA8857A11C424265231E25F4C77","package_documentation_or_audit"
"02_scripts/builders/build_cap_adrc.py","正式PX4_INDI适配_20260712/01_Sysblock构建/build_formal_adrc_v11_px4alloc_v1.py","14197","6670B988CA1C4A5CC9AFC24FCAA8CE43028F1818F9FBDEE783B485FFFAB8078E","8E23F7EC60B738A8FD6822487191BD8155B91A37A49009A2A68DE46C437C5194","cap_adrc_builder"
"02_scripts/builders/build_cp_indi.py","正式PX4_INDI适配_20260712/01_Sysblock构建/build_formal_indi_command_proxy_v1.py","10913","422D57BFB6ABF9B6921535AB6AFD20FB37BE13E3CCE0DA98897B9BCC7522196F","88EC21A758B2DE15F0F9728AA3CF07BC1E7DCB2285E0E6FC7745E4D63C1D9573","cp_indi_builder"
"02_scripts/builders/build_ra_gca_base.py","正式外部算法适配_20260711/02_Sysblock控制器/build_formal_so3_sysblock.py","6922","128B01BF72829A962F58A5EEEDE4A71ADB64529BD236DC260FCE28C6C178749A","2D020112AFCDC6172E3A431FC015D3BA584D8FA4DB37C65D5EAFCA1642ADF772","ra_gca_base_builder"
"02_scripts/builders/build_ra_gca_v8.py","正式PX4_INDI适配_20260712/01_Sysblock构建/build_formal_so3_v8_px4alloc_v1.py","8208","DA0069AF8BE936AE3F25CF85E95764D2FDD48552F2AA16C2CDB688B0BC50D347","09F07371A9A3778295C7E9577A1FB6F77B1F76E4F956A158A0E6A45545A76CB6","v8_controller_builder"
"02_scripts/evaluation/evaluate_manifest_campaign.py","正式V8_V9HTE主算法决选_20260714/02_scripts/evaluation/evaluate_manifest_campaign.py","58022","DA83D77502B54D6EFE224DBB73F5DF9C046017EA9D7643FD055FBBF0331BCB0A","F20C65870D59BBCF19BC4DCBC1FDEEB03A0C417A17171A3F0E8426BE9F5E76E1","paired_campaign_manifest_evaluator"
"02_scripts/evaluation/verify_release_results.py","A8比赛工程最终成果包_20260715_RA_GCA_CG_HTE/02_scripts/evaluation/verify_release_results.py","3175","05F69FF5BE9A07DCEBDB513D1DE4B914CB0E8499A07D0F55E8B9871D5F375774","827EBE2F052B87960A966CE43FB9CC95A333C0F15EFFA1F8E2849169A91B6AE6","representative_result_verifier"
"02_scripts/powershell/A8RuntimeResolver.ps1","可移植性修订_20260716/02_scripts/powershell/A8RuntimeResolver.ps1","4488","98097BCC13E56242D5E03AD18D2AC689E28EF285C1CC91C526E996CF58E1E2CB","98097BCC13E56242D5E03AD18D2AC689E28EF285C1CC91C526E996CF58E1E2CB","runtime_resolution_infrastructure"
"02_scripts/syslab/build_five_scene_comparison.jl","正式PX4_INDI适配_20260712/03_Syslab脚本/build_five_scene_comparison_v2.jl","3901","EEB89C331338562B668E0F7DE80E4ED786BDDE6A4CAE03E275FB377147398E36","C720D54A2F6DE41ACF1626F2867BA1E57F9DC7DD8F0D95C5282FE2D87F97BC35","comparator_five_scene_summary"
"02_scripts/syslab/CampaignMetrics.jl","正式V8_V9HTE主算法决选_20260714/02_scripts/syslab/CampaignMetrics.jl","52412","4C8B604A8DC1858B640F3FFD5D8AF7E6F1238935330D42868A2931CA306DD1BD","E569760D2FDC12CDC331E31E884D7ED019A314CEE6EE3DE9364A82C5C11BE0BE","paired_campaign_metrics"
"02_scripts/syslab/CanonicalMetricsV7.jl","A8比赛工程最终成果包_20260713/02_scripts/syslab/CanonicalMetricsV7.jl","23879","4FABCF67A1C12AF7F7C705D8860D55A31CB7183107DC0382169F488E6870A565","94F74C8952E2748C793DDD8D3452D87D45CCB6C397A2D499CFA2C7C3C0B19549","formal_canonical_metrics"
"02_scripts/syslab/CanonicalMetricsV8.jl","A8比赛工程最终成果包_20260713/02_scripts/syslab/CanonicalMetricsV8.jl","5920","E72416BC439220F4BB5C57F0C05E9FA714EBC70EA1D879545313008A9B7D1BDC","E72416BC439220F4BB5C57F0C05E9FA714EBC70EA1D879545313008A9B7D1BDC","formation_metric_dependency"
"02_scripts/syslab/comparator_canonical_metrics_v1.jl","正式PX4_INDI适配_20260712/00_输入快照/evaluator/canonical_metrics_v1.jl","12609","91FBC0C4C547887480BAECFDB73A69E8A9B7465D5145CAF8F51024C26C4A6489","89CA2A97E3C2F621C00187C24B0FD73EFC555515CE2E3418AB9474B286A77838","comparator_frozen_metric_dependency"
"02_scripts/syslab/FormationMetricsV8.jl","A8比赛工程最终成果包_20260713/02_scripts/syslab/FormationMetricsV8.jl","15802","8933D6B95EC70E4170F246C451D6EAFFDC7833F8842CA2CEE1203E5591130E0E","D98576BE6BB34E18E3F9978F2E797BE65E080FEA41477FB355131CBF43FF5E61","formal_formation_metrics"
"02_scripts/syslab/run_campaign_evaluation.jl","正式V8_V9HTE主算法决选_20260714/02_scripts/syslab/run_campaign_evaluation.jl","5091","6CF172DBBC80E005D22073EBD9BC78C20F60D9EEDC3F7F63F6E8192FD5402CFA","ABABBB75F8BA7DF43A48089DA68284BC8EE157482B43028A642E99F12726DBED","paired_campaign_runner"
"02_scripts/syslab/TransientMetricsV7.jl","A8比赛工程最终成果包_20260713/02_scripts/syslab/TransientMetricsV7.jl","13696","FFA1142FAF4E84236AB57E91B6F56F6695660EAC41B91CC0822029D45B9C6E83","983C4012C5931F1ACB363E913A0EBE8A390905024B9F68C14A9D2F2232C6BAB9","formal_transient_metrics"
"02_scripts/syslab/V9DevelopmentMetrics.jl","正式SO3_v9悬停推力估计攻坚_20260713/02_scripts/syslab/V9DevelopmentMetrics.jl","10667","ED4AA40BC292E7BFEF6A860A1289FBA0989DDF3066B70E22389C03F8285E650F","ED4AA40BC292E7BFEF6A860A1289FBA0989DDF3066B70E22389C03F8285E650F","hte_diagnostic_metrics"
"02_scripts/sysplorer/export_comparator_common_scenes.py","正式PX4_INDI适配_20260712/02_派生模型/export_common_aligned.py","2991","B0634C7999550CC35A2211A7D88C1A4603A0FDB9155C2BB82BBF052EEEB0BF96","89B072A4E644338EFACAE16A79781EA5B496999742EC59C530A6415D3FCEE4A6","comparator_common_scene_exporter"
"02_scripts/sysplorer/run_main_controller.py","A8比赛工程最终成果包_20260715_RA_GCA_CG_HTE/02_scripts/sysplorer/run_main_controller.py","45845","3139C6DA00C3887C57904954EB1C77F2FCB5831A2F9BB1E5AEDB8BD1F2029B36","3DBA848C4C7DB74ECE222F8DD68EC1B23783664627F620253715EAC947EB330D","formal_32_scene_runner"
"04_results/README_核心结果与复算说明.md","完整源文件打包工作区_20260715/build_spec/templates/04_results/README_核心结果与复算说明.md","1060","F1904E2B99B5287070CDDBBD2E8791FEE1759FE541AC1E29EF6D1A6CBB7EAA16","2F8FFC4031A2C029068743D005B00A0CA795E55FF31D3287303F71C9043055DD","package_documentation_or_audit"
"05_visuals/assets/report_sources/data/FIG_1-1__openalex_control_works_2015_2025.csv","A8赛题核心工作区/仿真报告规划_20260712/01_第一章稳定内容试写/文献计量热点图_20260713/data/openalex_control_works_2015_2025.csv","1596897","D9B223355EBD6D58CFD09CC2D9240191BC40385739EF7E6D62C140FBC33BA174","D9B223355EBD6D58CFD09CC2D9240191BC40385739EF7E6D62C140FBC33BA174","final_report_source_data"
"05_visuals/assets/report_sources/data/FIG_1-1__openalex_query_protocol.json","A8赛题核心工作区/仿真报告规划_20260712/01_第一章稳定内容试写/文献计量热点图_20260713/evidence/openalex_query_protocol.json","1828","792D72D7F371E865257EF11716C0DEECEEC68335DCDEE94E19E890BA8A8280DB","792D72D7F371E865257EF11716C0DEECEEC68335DCDEE94E19E890BA8A8280DB","final_report_source_data"
"05_visuals/assets/report_sources/data/FIG_2-3__chapter2_pid_baseline_audit.json","A8赛题核心工作区/仿真报告规划_20260712/02_第二章冻结内容/20260715_第二次交接改稿/02_analysis/chapter2_pid_baseline_audit.json","1551","DF0C547B78750017994EACF1B04ADB3F8C7460C1DC2028768773A7FBA690D8BF","DF0C547B78750017994EACF1B04ADB3F8C7460C1DC2028768773A7FBA690D8BF","final_report_source_data"
"05_visuals/assets/report_sources/data/FIG_2-3__chapter2_pid_baseline_metrics.csv","A8赛题核心工作区/仿真报告规划_20260712/02_第二章冻结内容/20260715_第二次交接改稿/02_analysis/chapter2_pid_baseline_metrics.csv","1619","4A1D492995C9370B008BCB51E2DD43F45057849522286C4334010D0546287318","4A1D492995C9370B008BCB51E2DD43F45057849522286C4334010D0546287318","final_report_source_data"
"05_visuals/assets/report_sources/data/FIG_2-3__chapter2_pid_plot_data.csv","A8赛题核心工作区/仿真报告规划_20260712/02_第二章冻结内容/20260715_第二次交接改稿/02_analysis/chapter2_pid_plot_data.csv","340039","53E985679C9A16F6CA8F8CF115E14346F36A6CC9276984A9CBD8ECDF4EF43948","53E985679C9A16F6CA8F8CF115E14346F36A6CC9276984A9CBD8ECDF4EF43948","final_report_source_data"
"05_visuals/assets/report_sources/data/FIG_5-3__chapter5_data_lineage.csv","A8赛题核心工作区/仿真报告规划_20260712/05_第五章冻结内容/20260715_读者表达修订/02_syslab_evidence/chapter5_data_lineage.csv","3185","9C29D1EF0EB7F79948B1C593087F2B8B49AAE2115F9434FFD780202E5C05C7DE","9C29D1EF0EB7F79948B1C593087F2B8B49AAE2115F9434FFD780202E5C05C7DE","final_report_source_data"
"05_visuals/assets/report_sources/data/FIG_6-1__figure_6_1_step_timeseries.csv","A8赛题核心工作区/仿真报告规划_20260712/06_第六章单机性能鲁棒性与约束结果_20260714/20260715_第三版读者表达与图表修订/evidence/figure_sources/figure_6_1_step_timeseries.csv","144787","B511A935DBA5D3B80F715276A3550883F52870AD04B41B0C7B9AD0823885E269","B511A935DBA5D3B80F715276A3550883F52870AD04B41B0C7B9AD0823885E269","final_report_source_data"
"05_visuals/assets/report_sources/data/FIG_6-2__figure_6_2_step_hover_timeseries.csv","A8赛题核心工作区/仿真报告规划_20260712/06_第六章单机性能鲁棒性与约束结果_20260714/20260715_第三版读者表达与图表修订/evidence/figure_sources/figure_6_2_step_hover_timeseries.csv","142508","16E654AFF0A724871CB4E2C799E8BFC213E014A073983863EC854427A6BC2123","16E654AFF0A724871CB4E2C799E8BFC213E014A073983863EC854427A6BC2123","final_report_source_data"
"05_visuals/assets/report_sources/data/FIG_6-3__figure_6_3_continuous_trajectories.csv","A8赛题核心工作区/仿真报告规划_20260712/06_第六章单机性能鲁棒性与约束结果_20260714/20260715_第三版读者表达与图表修订/evidence/figure_sources/figure_6_3_continuous_trajectories.csv","150282","ABDDABD7CB3B2174B335DB65BD558CA2FC587360E2F40B5467EDBD1261CEB3DD","ABDDABD7CB3B2174B335DB65BD558CA2FC587360E2F40B5467EDBD1261CEB3DD","final_report_source_data"
"05_visuals/assets/report_sources/data/FIG_6-4__figure_6_4_five_controller_common.csv","A8赛题核心工作区/仿真报告规划_20260712/06_第六章单机性能鲁棒性与约束结果_20260714/20260715_第三版读者表达与图表修订/evidence/figure_sources/figure_6_4_five_controller_common.csv","3013","DF59E873483AF761340E08A14374985F5FECD01C9AD339B9661E3A227F9AA7EA","DF59E873483AF761340E08A14374985F5FECD01C9AD339B9661E3A227F9AA7EA","final_report_source_data"
"05_visuals/assets/report_sources/data/FIG_6-5__figure_6_5_parameter_results.csv","A8赛题核心工作区/仿真报告规划_20260712/06_第六章单机性能鲁棒性与约束结果_20260714/20260715_第三版读者表达与图表修订/evidence/figure_sources/figure_6_5_parameter_results.csv","754","574555045E9BDB3ECFC4BCFE1B32E8426D1480FC1025D6BA40DA15E5A5881327","574555045E9BDB3ECFC4BCFE1B32E8426D1480FC1025D6BA40DA15E5A5881327","final_report_source_data"
"05_visuals/assets/report_sources/data/FIG_6-6__figure_6_6_disturbance_tradeoff.csv","A8赛题核心工作区/仿真报告规划_20260712/06_第六章单机性能鲁棒性与约束结果_20260714/20260715_第三版读者表达与图表修订/evidence/figure_sources/figure_6_6_disturbance_tradeoff.csv","793","3D9388250A1305DDB65ED6545041C4451B55F8DB1857D9C574C079EF39C1053A","3D9388250A1305DDB65ED6545041C4451B55F8DB1857D9C574C079EF39C1053A","final_report_source_data"
"05_visuals/assets/report_sources/data/FIG_6-7__figure_6_7_environment_transparency.csv","A8赛题核心工作区/仿真报告规划_20260712/06_第六章单机性能鲁棒性与约束结果_20260714/20260715_第三版读者表达与图表修订/evidence/figure_sources/figure_6_7_environment_transparency.csv","363","367DBE8BADDDF43634D75D3113CDC166D2843FD4C5D9D6156C9F68CB3CA6C1CD","367DBE8BADDDF43634D75D3113CDC166D2843FD4C5D9D6156C9F68CB3CA6C1CD","final_report_source_data"
"05_visuals/assets/report_sources/data/FIG_6-8__figure_6_8_cghte_diagnostics_corrected.csv","tmp/docs/report_merge_20260716/corrected_assets/figure_6_8_cghte_diagnostics_corrected.csv","135413","A63440C6A09403342287ADCA4A92D34484791BA0303C4B8A51C88D891855780D","A63440C6A09403342287ADCA4A92D34484791BA0303C4B8A51C88D891855780D","final_report_source_data"
"05_visuals/assets/report_sources/data/FIG_7-1__figure_7_1_source.csv","A8赛题核心工作区/仿真报告规划_20260712/07_第七章独立写作_20260714/第二次交接_20260715/derived/formal_metrics/figure_7_1_source.csv","2992126","F42AB9BB78DF03FD7B08489D4DD4E728706B6B6BB2D7FF691D9844ADB281FCE5","F42AB9BB78DF03FD7B08489D4DD4E728706B6B6BB2D7FF691D9844ADB281FCE5","final_report_source_data"
"05_visuals/assets/report_sources/data/FIG_7-2__figure_7_2_source.csv","A8赛题核心工作区/仿真报告规划_20260712/07_第七章独立写作_20260714/第二次交接_20260715/derived/formal_metrics/figure_7_2_source.csv","256457","853EF71FC2BB61608E5E7B2D8B5EE6B36203D007A53FDAEAC11E68C544D5C0AF","853EF71FC2BB61608E5E7B2D8B5EE6B36203D007A53FDAEAC11E68C544D5C0AF","final_report_source_data"
"05_visuals/assets/report_sources/data/FIG_D-1__figure_a_1_compound_stress.csv","A8赛题核心工作区/仿真报告规划_20260712/06_第六章单机性能鲁棒性与约束结果_20260714/20260715_第三版读者表达与图表修订/evidence/figure_sources/figure_a_1_compound_stress.csv","457","A287FC3C4F0E0F6937CF35AB356817F4526FD27264E5C15EBFCAAA368A74D693","A287FC3C4F0E0F6937CF35AB356817F4526FD27264E5C15EBFCAAA368A74D693","final_report_source_data"
"05_visuals/assets/report_sources/data/FIG_E-1__figure_A_1_source.csv","A8赛题核心工作区/仿真报告规划_20260712/07_第七章独立写作_20260714/第二次交接_20260715/derived/formal_metrics/figure_A_1_source.csv","425091","D55B0B0BF862AF2B83A4AD1852545AEBC66509C614D0682D654097402D0B0BB9","D55B0B0BF862AF2B83A4AD1852545AEBC66509C614D0682D654097402D0B0BB9","final_report_source_data"
"05_visuals/assets/report_sources/vectors/FIG_1-1.pdf","A8赛题核心工作区/仿真报告规划_20260712/01_第一章稳定内容试写/20260715_第二次交接终校/figures/figure_1_1_publication_theme.pdf","48111","208CE9ED81954133A058647A23646F885F77963238FE4D8393CD1FCC2A9E353C","208CE9ED81954133A058647A23646F885F77963238FE4D8393CD1FCC2A9E353C","final_report_vector_source"
"05_visuals/assets/report_sources/vectors/FIG_1-1.svg","A8赛题核心工作区/仿真报告规划_20260712/01_第一章稳定内容试写/20260715_第二次交接终校/figures/figure_1_1_publication_theme.svg","46126","E5C09F552D5D88B74CD310C04D97D4DDDC5DE367676022818C2B9C80E0F18E1E","E5C09F552D5D88B74CD310C04D97D4DDDC5DE367676022818C2B9C80E0F18E1E","final_report_vector_source"
"05_visuals/assets/report_sources/vectors/FIG_2-1.svg","A8赛题核心工作区/仿真报告规划_20260712/02_第二章冻结内容/20260715_第二次交接改稿/03_figures/visio_refined_20260715/figure_2_1_official_closed_loop.svg","7467","E6C06852526084AF0F8CB3DC8CB0ACB1D38DC3EBF0A251E01622071DA8AF7A18","E6C06852526084AF0F8CB3DC8CB0ACB1D38DC3EBF0A251E01622071DA8AF7A18","final_report_vector_source"
"05_visuals/assets/report_sources/vectors/FIG_2-2.svg","A8赛题核心工作区/仿真报告规划_20260712/02_第二章冻结内容/20260715_第二次交接改稿/03_figures/visio_refined_20260715/figure_2_2_pid_topology.svg","16692","842FC1AE1DBD446864FD8EC37864B3F61BA4B6C2C2BD4E752A04EDD7B91262ED","842FC1AE1DBD446864FD8EC37864B3F61BA4B6C2C2BD4E752A04EDD7B91262ED","final_report_vector_source"
"05_visuals/assets/report_sources/vectors/FIG_2-3.pdf","A8赛题核心工作区/仿真报告规划_20260712/02_第二章冻结内容/20260715_第二次交接改稿/03_figures/图2-3_官方PID三轴独立阶跃响应.pdf","28863","9776B4A356C661BC6518290E94AEB79420CD6F8FA243ADBE7B81F8B18E971BFF","9776B4A356C661BC6518290E94AEB79420CD6F8FA243ADBE7B81F8B18E971BFF","final_report_vector_source"
"05_visuals/assets/report_sources/vectors/FIG_2-3.svg","A8赛题核心工作区/仿真报告规划_20260712/02_第二章冻结内容/20260715_第二次交接改稿/03_figures/图2-3_官方PID三轴独立阶跃响应.svg","35679","E6E2C542D0531BB8C18B3A33C3D0001ABD2B3A660127D45762DF792E03C4FD16","E6E2C542D0531BB8C18B3A33C3D0001ABD2B3A660127D45762DF792E03C4FD16","final_report_vector_source"
"05_visuals/assets/report_sources/vectors/FIG_3-1.pdf","A8赛题核心工作区/仿真报告规划_20260712/03_第三四章方法写作_20260714/第二次交接终校_20260715/03_figures/图3-1_五对象统一控制与评价架构.pdf","64135","4C5A8F24685B3F9BE0AC946053528B7A5F4D8131C5B17299C4D710547E166751","4C5A8F24685B3F9BE0AC946053528B7A5F4D8131C5B17299C4D710547E166751","final_report_vector_source"
"05_visuals/assets/report_sources/vectors/FIG_3-1.svg","A8赛题核心工作区/仿真报告规划_20260712/03_第三四章方法写作_20260714/第二次交接终校_20260715/03_figures/图3-1_五对象统一控制与评价架构.svg","18894","9C47DB605ED697E1D84CBBBE0818E4E40FC7C6C534BAD4DB6AE666E8E462B3CC","9C47DB605ED697E1D84CBBBE0818E4E40FC7C6C534BAD4DB6AE666E8E462B3CC","final_report_vector_source"
"05_visuals/assets/report_sources/vectors/FIG_3-3.pdf","A8赛题核心工作区/仿真报告规划_20260712/03_第三四章方法写作_20260714/第二次交接终校_20260715/03_figures/图3-3_RA-GCA-CGHTE控制栈与诊断分层.pdf","57877","69574888F9F707F43DC5D4385BDB5A7DF6822348F8291B461FA88C17D4F68DEE","69574888F9F707F43DC5D4385BDB5A7DF6822348F8291B461FA88C17D4F68DEE","final_report_vector_source"
"05_visuals/assets/report_sources/vectors/FIG_3-3.svg","A8赛题核心工作区/仿真报告规划_20260712/03_第三四章方法写作_20260714/第二次交接终校_20260715/03_figures/图3-3_RA-GCA-CGHTE控制栈与诊断分层.svg","17072","0DE485DACE284936C47A4F4E130100039BB08E09191C632F4247AEED9EE6B7EC","0DE485DACE284936C47A4F4E130100039BB08E09191C632F4247AEED9EE6B7EC","final_report_vector_source"
"05_visuals/assets/report_sources/vectors/FIG_4-1.pdf","A8赛题核心工作区/仿真报告规划_20260712/03_第三四章方法写作_20260714/第二次交接终校_20260715/03_figures/R11图表细节优化/图4-1_PP-CBF与三套主控制器的分层结构_R11.pdf","56594","72BE1A4A429FEA67EBF3719D84B40B1DA99ED8DE0BE6BBFEAA36BB04559397F9","72BE1A4A429FEA67EBF3719D84B40B1DA99ED8DE0BE6BBFEAA36BB04559397F9","final_report_vector_source"
"05_visuals/assets/report_sources/vectors/FIG_4-1.svg","A8赛题核心工作区/仿真报告规划_20260712/03_第三四章方法写作_20260714/第二次交接终校_20260715/03_figures/R11图表细节优化/图4-1_PP-CBF与三套主控制器的分层结构_R11.svg","26173","1DC6AD2F704A1BE124DE7AA825336E00BC039DDDAC3F27FB46ABB382E1B795CC","1DC6AD2F704A1BE124DE7AA825336E00BC039DDDAC3F27FB46ABB382E1B795CC","final_report_vector_source"
"05_visuals/assets/report_sources/vectors/FIG_5-1.pdf","A8赛题核心工作区/仿真报告规划_20260712/05_第五章冻结内容/20260715_读者表达修订/03_assets/figure_5_1_reference_tasks.pdf","36436","7BB975640832D66E990ABE60654B575E0AFD9CCCC39E76ECDFF00C2DEEF21480","7BB975640832D66E990ABE60654B575E0AFD9CCCC39E76ECDFF00C2DEEF21480","final_report_vector_source"
"05_visuals/assets/report_sources/vectors/FIG_5-1.svg","A8赛题核心工作区/仿真报告规划_20260712/05_第五章冻结内容/20260715_读者表达修订/03_assets/figure_5_1_reference_tasks.svg","111759","3E700A7E9F1F46F7BCA6FF374A090482889C3895BD80984911DD155C075BAF9E","3E700A7E9F1F46F7BCA6FF374A090482889C3895BD80984911DD155C075BAF9E","final_report_vector_source"
"05_visuals/assets/report_sources/vectors/FIG_5-2.pdf","A8赛题核心工作区/仿真报告规划_20260712/05_第五章冻结内容/20260715_读者表达修订/03_assets/figure_5_2_stress_inputs.pdf","31194","C1629CD6D4DEA8FE103ECF3A7724908CEC0EA18F6CDFE92B92A7D464F72EAC57","C1629CD6D4DEA8FE103ECF3A7724908CEC0EA18F6CDFE92B92A7D464F72EAC57","final_report_vector_source"
"05_visuals/assets/report_sources/vectors/FIG_5-2.svg","A8赛题核心工作区/仿真报告规划_20260712/05_第五章冻结内容/20260715_读者表达修订/03_assets/figure_5_2_stress_inputs.svg","75915","F6DE4E085520443381958869201266AB4BD6EB31C992BA828CFDBF2EA5EDD8ED","F6DE4E085520443381958869201266AB4BD6EB31C992BA828CFDBF2EA5EDD8ED","final_report_vector_source"
"05_visuals/assets/report_sources/vectors/FIG_5-3.pdf","A8赛题核心工作区/仿真报告规划_20260712/05_第五章冻结内容/20260715_读者表达修订/03_assets/figure_5_3_analysis_flow.pdf","56943","1B4F09BBDA35E12BCE92CF7F90799CF39F1BA41E0220C05FB3E787BBDB5DBBCB","1B4F09BBDA35E12BCE92CF7F90799CF39F1BA41E0220C05FB3E787BBDB5DBBCB","final_report_vector_source"
"05_visuals/assets/report_sources/vectors/FIG_5-3.svg","A8赛题核心工作区/仿真报告规划_20260712/05_第五章冻结内容/20260715_读者表达修订/03_assets/figure_5_3_analysis_flow.svg","109866","A0086AC928F272995BBA2D94F2FB5325295DAB73FF04B1B74DE0C0E4CE8ADD02","A0086AC928F272995BBA2D94F2FB5325295DAB73FF04B1B74DE0C0E4CE8ADD02","final_report_vector_source"
"05_visuals/assets/report_sources/vectors/FIG_6-1.pdf","A8赛题核心工作区/仿真报告规划_20260712/06_第六章单机性能鲁棒性与约束结果_20260714/20260715_第三版读者表达与图表修订/figures/figure_6_1_standard_steps.pdf","28356","475BC94666FE93AACE221E2F6B1FC8669571D8E2F08684FB582D0148DBC8BACB","475BC94666FE93AACE221E2F6B1FC8669571D8E2F08684FB582D0148DBC8BACB","final_report_vector_source"
"05_visuals/assets/report_sources/vectors/FIG_6-1.svg","A8赛题核心工作区/仿真报告规划_20260712/06_第六章单机性能鲁棒性与约束结果_20260714/20260715_第三版读者表达与图表修订/figures/figure_6_1_standard_steps.svg","48850","B3C5C751D065B13F00ED11D25C71D0581425E5A27E07470505CA8CE33D086995","B3C5C751D065B13F00ED11D25C71D0581425E5A27E07470505CA8CE33D086995","final_report_vector_source"
"05_visuals/assets/report_sources/vectors/FIG_6-2.pdf","A8赛题核心工作区/仿真报告规划_20260712/06_第六章单机性能鲁棒性与约束结果_20260714/20260715_第三版读者表达与图表修订/figures/figure_6_2_pid_main_typical_tasks.pdf","30177","C602170C19B880F4C4E45F34D0DC5E0A512F97124D57D30B2DDF18AF4F24651B","C602170C19B880F4C4E45F34D0DC5E0A512F97124D57D30B2DDF18AF4F24651B","final_report_vector_source"
"05_visuals/assets/report_sources/vectors/FIG_6-2.svg","A8赛题核心工作区/仿真报告规划_20260712/06_第六章单机性能鲁棒性与约束结果_20260714/20260715_第三版读者表达与图表修订/figures/figure_6_2_pid_main_typical_tasks.svg","33691","C698C1A83C262EA2677A051DF8A82B4FE611A700C2A0BCD9B1735CFFB2834688","C698C1A83C262EA2677A051DF8A82B4FE611A700C2A0BCD9B1735CFFB2834688","final_report_vector_source"
"05_visuals/assets/report_sources/vectors/FIG_6-3.pdf","A8赛题核心工作区/仿真报告规划_20260712/06_第六章单机性能鲁棒性与约束结果_20260714/20260715_第三版读者表达与图表修订/figures/figure_6_3_continuous_trajectories.pdf","41918","6727E5B8C027EC8B6774AED311F9B635E83D519D85271969E5CF007197FD95A6","6727E5B8C027EC8B6774AED311F9B635E83D519D85271969E5CF007197FD95A6","final_report_vector_source"
"05_visuals/assets/report_sources/vectors/FIG_6-3.svg","A8赛题核心工作区/仿真报告规划_20260712/06_第六章单机性能鲁棒性与约束结果_20260714/20260715_第三版读者表达与图表修订/figures/figure_6_3_continuous_trajectories.svg","73628","7911E9AC8E9C4B88DE7EB896FFB2E210466BD20944C2706C2015A94D24950754","7911E9AC8E9C4B88DE7EB896FFB2E210466BD20944C2706C2015A94D24950754","final_report_vector_source"
"05_visuals/assets/report_sources/vectors/FIG_6-4.pdf","A8赛题核心工作区/仿真报告规划_20260712/06_第六章单机性能鲁棒性与约束结果_20260714/20260715_第三版读者表达与图表修订/figures/figure_6_4_five_controller_common_scenes.pdf","31964","1E13475F85DFB7320E50AE424A78C916D745D853C30FCAB3D270304D5C5F38AA","1E13475F85DFB7320E50AE424A78C916D745D853C30FCAB3D270304D5C5F38AA","final_report_vector_source"
"05_visuals/assets/report_sources/vectors/FIG_6-4.svg","A8赛题核心工作区/仿真报告规划_20260712/06_第六章单机性能鲁棒性与约束结果_20260714/20260715_第三版读者表达与图表修订/figures/figure_6_4_five_controller_common_scenes.svg","47482","258FF80D906BDD2C0FF5CC2806D2C01F8F65D7B8E7292950FF688CA1615F101F","258FF80D906BDD2C0FF5CC2806D2C01F8F65D7B8E7292950FF688CA1615F101F","final_report_vector_source"
"05_visuals/assets/report_sources/vectors/FIG_6-5.pdf","A8赛题核心工作区/仿真报告规划_20260712/06_第六章单机性能鲁棒性与约束结果_20260714/20260715_第三版读者表达与图表修订/figures/figure_6_5_parameter_results.pdf","27347","0E310F6EA4ECBD40EBB5446349E6AEA4D36D7E8333CF7823161F6CF720969546","0E310F6EA4ECBD40EBB5446349E6AEA4D36D7E8333CF7823161F6CF720969546","final_report_vector_source"
"05_visuals/assets/report_sources/vectors/FIG_6-5.svg","A8赛题核心工作区/仿真报告规划_20260712/06_第六章单机性能鲁棒性与约束结果_20260714/20260715_第三版读者表达与图表修订/figures/figure_6_5_parameter_results.svg","21904","05A068F368283343AFB0DD94D0838C1D408A8AA57B18AFABB3856D563E36D4E5","05A068F368283343AFB0DD94D0838C1D408A8AA57B18AFABB3856D563E36D4E5","final_report_vector_source"
"05_visuals/assets/report_sources/vectors/FIG_6-6.pdf","A8赛题核心工作区/仿真报告规划_20260712/06_第六章单机性能鲁棒性与约束结果_20260714/20260715_第三版读者表达与图表修订/figures/figure_6_6_disturbance_tradeoff.pdf","28277","1C2E8CD42BE67B488D8889EE40BD5E674CC5023A4A19812A023C4DFF00FAE5DD","1C2E8CD42BE67B488D8889EE40BD5E674CC5023A4A19812A023C4DFF00FAE5DD","final_report_vector_source"
"05_visuals/assets/report_sources/vectors/FIG_6-6.svg","A8赛题核心工作区/仿真报告规划_20260712/06_第六章单机性能鲁棒性与约束结果_20260714/20260715_第三版读者表达与图表修订/figures/figure_6_6_disturbance_tradeoff.svg","24819","7B75320A57C06C0205831EFC6903E3DC72BE324072993FF0DDE3D8947AEF146D","7B75320A57C06C0205831EFC6903E3DC72BE324072993FF0DDE3D8947AEF146D","final_report_vector_source"
"05_visuals/assets/report_sources/vectors/FIG_6-7.pdf","A8赛题核心工作区/仿真报告规划_20260712/06_第六章单机性能鲁棒性与约束结果_20260714/20260715_第三版读者表达与图表修订/figures/figure_6_7_environment_transparency.pdf","24838","0C672767360140263CB22EC06D66D4F97BCA1E324EEFEE5D48C3D4499F877B5C","0C672767360140263CB22EC06D66D4F97BCA1E324EEFEE5D48C3D4499F877B5C","final_report_vector_source"
"05_visuals/assets/report_sources/vectors/FIG_6-7.svg","A8赛题核心工作区/仿真报告规划_20260712/06_第六章单机性能鲁棒性与约束结果_20260714/20260715_第三版读者表达与图表修订/figures/figure_6_7_environment_transparency.svg","22602","CDD2A95E09C0227C10E4E9570F90A6D470162CF570ED6976AE0EC51E1F0D6DD9","CDD2A95E09C0227C10E4E9570F90A6D470162CF570ED6976AE0EC51E1F0D6DD9","final_report_vector_source"
"05_visuals/assets/report_sources/vectors/FIG_6-8.pdf","tmp/docs/report_merge_20260716/corrected_assets/figure_6_8_cghte_diagnostics_corrected.pdf","40186","D50AF3F9ACF193E7EE0EE4028B00C2088A74623CBAC290A9D30B23AFBE165250","D50AF3F9ACF193E7EE0EE4028B00C2088A74623CBAC290A9D30B23AFBE165250","final_report_vector_source"
"05_visuals/assets/report_sources/vectors/FIG_6-8.svg","tmp/docs/report_merge_20260716/corrected_assets/figure_6_8_cghte_diagnostics_corrected.svg","47996","8911F0733E25A004968FE74CBCDDC05460FADF2E48293013C74108A2AD01661B","8911F0733E25A004968FE74CBCDDC05460FADF2E48293013C74108A2AD01661B","final_report_vector_source"
"05_visuals/assets/report_sources/vectors/FIG_7-1.pdf","A8赛题核心工作区/仿真报告规划_20260712/07_第七章独立写作_20260714/第二次交接_20260715/figures_R2/figure_7_1_formation_coordination.pdf","130985","86BF904F3BC68CF33A7C29CD238F1C4DE306273B5CF51B8F4CCCF05BAB12A960","86BF904F3BC68CF33A7C29CD238F1C4DE306273B5CF51B8F4CCCF05BAB12A960","final_report_vector_source"
"05_visuals/assets/report_sources/vectors/FIG_7-1.svg","A8赛题核心工作区/仿真报告规划_20260712/07_第七章独立写作_20260714/第二次交接_20260715/figures_R2/figure_7_1_formation_coordination.svg","418341","91BDDEF3843AA36EDDA3B9C642039C4CB15A42E83B3D0BCAA09AF9BE1F8BC270","91BDDEF3843AA36EDDA3B9C642039C4CB15A42E83B3D0BCAA09AF9BE1F8BC270","final_report_vector_source"
"05_visuals/assets/report_sources/vectors/FIG_7-2.pdf","A8赛题核心工作区/仿真报告规划_20260712/07_第七章独立写作_20260714/第二次交接_20260715/figures_R2/figure_7_2_pp_cbf_safety_benefit.pdf","77613","65A427287CA27BDD45D41643549A352E3104433675DA33E20D0F516C62973F51","65A427287CA27BDD45D41643549A352E3104433675DA33E20D0F516C62973F51","final_report_vector_source"
"05_visuals/assets/report_sources/vectors/FIG_7-2.svg","A8赛题核心工作区/仿真报告规划_20260712/07_第七章独立写作_20260714/第二次交接_20260715/figures_R2/figure_7_2_pp_cbf_safety_benefit.svg","246992","2E3DF2FC4DC7E432DF260450169E39EC6A2341CD6EAB875E995F846AEEC0936B","2E3DF2FC4DC7E432DF260450169E39EC6A2341CD6EAB875E995F846AEEC0936B","final_report_vector_source"
"05_visuals/assets/report_sources/vectors/FIG_8-1.pdf","tmp/docs/chapter8_rewrite_20260716/figure_8_1_pid_base_main_table_compact.pdf","28922","9A24E367BBEF5979374DD5632F0280A748DF260637A011A59AB6C28B37A3AB5D","9A24E367BBEF5979374DD5632F0280A748DF260637A011A59AB6C28B37A3AB5D","final_report_vector_source"
"05_visuals/assets/report_sources/vectors/FIG_A-1.pdf","A8赛题核心工作区/仿真报告规划_20260712/01_第一章稳定内容试写/20260715_第二次交接终校/figures/appendix_a_1_keyword_density.pdf","292454","001AC0C945070485EDEC4D116ABB9DBBDCADEA52124240940D247762C48E560F","001AC0C945070485EDEC4D116ABB9DBBDCADEA52124240940D247762C48E560F","final_report_vector_source"
"05_visuals/assets/report_sources/vectors/FIG_A-1.svg","A8赛题核心工作区/仿真报告规划_20260712/01_第一章稳定内容试写/20260715_第二次交接终校/figures/appendix_a_1_keyword_density.svg","949698","191C2986A400228C3DC354D938FD0E45634D48D4F923C3A83E06869804847120","191C2986A400228C3DC354D938FD0E45634D48D4F923C3A83E06869804847120","final_report_vector_source"
"05_visuals/assets/report_sources/vectors/FIG_C-1.pdf","A8赛题核心工作区/仿真报告规划_20260712/03_第三四章方法写作_20260714/第二次交接终校_20260715/03_figures/R11图表细节优化/图A-1_CGHTE推力尺度估计与应用流程_R11.pdf","62174","1E51A744C90EAAB76F186161BB7387BE900B910A61ECD9917C51E6DDA804D1D7","1E51A744C90EAAB76F186161BB7387BE900B910A61ECD9917C51E6DDA804D1D7","final_report_vector_source"
"05_visuals/assets/report_sources/vectors/FIG_C-1.svg","A8赛题核心工作区/仿真报告规划_20260712/03_第三四章方法写作_20260714/第二次交接终校_20260715/03_figures/R11图表细节优化/图A-1_CGHTE推力尺度估计与应用流程_R11.svg","19268","38010D6957C84D970CDE90368059BBDCABACB46489BC43E2E58D2E8FF128DA7D","38010D6957C84D970CDE90368059BBDCABACB46489BC43E2E58D2E8FF128DA7D","final_report_vector_source"
"05_visuals/assets/report_sources/vectors/FIG_D-1.pdf","A8赛题核心工作区/仿真报告规划_20260712/06_第六章单机性能鲁棒性与约束结果_20260714/20260715_第三版读者表达与图表修订/figures/figure_a_1_compound_stress_tradeoff.pdf","26749","F5BB25C784201EBD3E6E9C3A5A5F92AC337CB41C50557BAA1343F022571A5977","F5BB25C784201EBD3E6E9C3A5A5F92AC337CB41C50557BAA1343F022571A5977","final_report_vector_source"
"05_visuals/assets/report_sources/vectors/FIG_D-1.svg","A8赛题核心工作区/仿真报告规划_20260712/06_第六章单机性能鲁棒性与约束结果_20260714/20260715_第三版读者表达与图表修订/figures/figure_a_1_compound_stress_tradeoff.svg","26655","B522068F3A3FF6C14C5F14335B5FB069B49FFE4693901EDC06986E8BDB678F25","B522068F3A3FF6C14C5F14335B5FB069B49FFE4693901EDC06986E8BDB678F25","final_report_vector_source"
"05_visuals/assets/report_sources/vectors/FIG_E-1.pdf","A8赛题核心工作区/仿真报告规划_20260712/07_第七章独立写作_20260714/第二次交接_20260715/figures_R2/figure_A_1_pp_cbf_intervention_diagnostics.pdf","87437","F6E161173B77FA71B4E8CE1B701B19B6C3D5B72C6307DC859B8EB53AF8A42D11","F6E161173B77FA71B4E8CE1B701B19B6C3D5B72C6307DC859B8EB53AF8A42D11","final_report_vector_source"
"05_visuals/assets/report_sources/vectors/FIG_E-1.svg","A8赛题核心工作区/仿真报告规划_20260712/07_第七章独立写作_20260714/第二次交接_20260715/figures_R2/figure_A_1_pp_cbf_intervention_diagnostics.svg","274495","F38B686387FFE029D4D124EBB184ED1314E1EB61DF8BD7517AAE72E0FEBAC515","F38B686387FFE029D4D124EBB184ED1314E1EB61DF8BD7517AAE72E0FEBAC515","final_report_vector_source"
"05_visuals/assets/report_static/FIG_1-1.png","A8赛题核心工作区/仿真报告规划_20260712/01_第一章稳定内容试写/20260715_第二次交接终校/figures/figure_1_1_publication_theme.png","194848","183640445BCBED1C692FB90B7FBAC15A4B7E27EA71BEE303A111C29CF57632E9","183640445BCBED1C692FB90B7FBAC15A4B7E27EA71BEE303A111C29CF57632E9","final_report_static_png"
"05_visuals/assets/report_static/FIG_2-1.png","A8赛题核心工作区/仿真报告规划_20260712/02_第二章冻结内容/20260715_第二次交接改稿/03_figures/visio_refined_20260715/figure_2_1_official_closed_loop.png","10636","A92A180E1556CC60B641DD4373C6B488309255593134A55BA93F594DD5D0CC75","A92A180E1556CC60B641DD4373C6B488309255593134A55BA93F594DD5D0CC75","final_report_static_png"
"05_visuals/assets/report_static/FIG_2-2.png","A8赛题核心工作区/仿真报告规划_20260712/02_第二章冻结内容/20260715_第二次交接改稿/03_figures/visio_refined_20260715/figure_2_2_pid_topology.png","23289","28AEE5C9B095E369671760F5A20E853F92FB6EC30D9BA626F0E5FE75D6AC3F62","28AEE5C9B095E369671760F5A20E853F92FB6EC30D9BA626F0E5FE75D6AC3F62","final_report_static_png"
"05_visuals/assets/report_static/FIG_2-3.png","A8赛题核心工作区/仿真报告规划_20260712/02_第二章冻结内容/20260715_第二次交接改稿/03_figures/图2-3_官方PID三轴独立阶跃响应.png","175694","3F51D659357EA21CA4752634755FA601B22F108B7E0F65F1D4D046B7AAF65482","3F51D659357EA21CA4752634755FA601B22F108B7E0F65F1D4D046B7AAF65482","final_report_static_png"
"05_visuals/assets/report_static/FIG_3-1.png","A8赛题核心工作区/仿真报告规划_20260712/03_第三四章方法写作_20260714/第二次交接终校_20260715/03_figures/图3-1_五对象统一控制与评价架构.png","288105","E4F74BBFC2067DFAEB7CF85C32BDBBA6F12238D5CEAB36CE324AF40D4C40416B","E4F74BBFC2067DFAEB7CF85C32BDBBA6F12238D5CEAB36CE324AF40D4C40416B","final_report_static_png"
"05_visuals/assets/report_static/FIG_3-2.png","A8赛题核心工作区/仿真报告规划_20260712/03_第三四章方法写作_20260714/第二次交接终校_20260715/03_figures/图3-2_RA-GCA-CGHTE与Sysplorer四旋翼物理模型顶层闭环.png","219573","A80662979CB86D00D80A21C9E4AD47DDDF00BAAE4FB9D78F225801C9B17B83D3","A80662979CB86D00D80A21C9E4AD47DDDF00BAAE4FB9D78F225801C9B17B83D3","final_report_static_png"
"05_visuals/assets/report_static/FIG_3-3.png","A8赛题核心工作区/仿真报告规划_20260712/03_第三四章方法写作_20260714/第二次交接终校_20260715/03_figures/图3-3_RA-GCA-CGHTE控制栈与诊断分层.png","239404","AB53F356E74DC55D4AFCAC2CE34B07DF4F8E717352461E9274833A948444029A","AB53F356E74DC55D4AFCAC2CE34B07DF4F8E717352461E9274833A948444029A","final_report_static_png"
"05_visuals/assets/report_static/FIG_4-1.png","A8赛题核心工作区/仿真报告规划_20260712/03_第三四章方法写作_20260714/第二次交接终校_20260715/03_figures/R11图表细节优化/图4-1_PP-CBF与三套主控制器的分层结构_R11.png","321072","530EDC223B9AF08F889DAFB9A8655A5CCBABE8B21EC0F34382B3EBE465A021DA","530EDC223B9AF08F889DAFB9A8655A5CCBABE8B21EC0F34382B3EBE465A021DA","final_report_static_png"
"05_visuals/assets/report_static/FIG_5-1.png","A8赛题核心工作区/仿真报告规划_20260712/05_第五章冻结内容/20260715_读者表达修订/03_assets/figure_5_1_reference_tasks.png","518567","6A5997D1CF5033160326890B9E9F23BAB29455BF9BD67523BE7C7111A0DF4F20","6A5997D1CF5033160326890B9E9F23BAB29455BF9BD67523BE7C7111A0DF4F20","final_report_static_png"
"05_visuals/assets/report_static/FIG_5-2.png","A8赛题核心工作区/仿真报告规划_20260712/05_第五章冻结内容/20260715_读者表达修订/03_assets/figure_5_2_stress_inputs.png","362868","1204BE5C8FD1D8B8B1A1BA95FB7C9F9F5596F998E578B44B9264FC3691844E98","1204BE5C8FD1D8B8B1A1BA95FB7C9F9F5596F998E578B44B9264FC3691844E98","final_report_static_png"
"05_visuals/assets/report_static/FIG_5-3.png","A8赛题核心工作区/仿真报告规划_20260712/05_第五章冻结内容/20260715_读者表达修订/03_assets/figure_5_3_analysis_flow.png","174703","98A1E141C34F8EFD7551BFF254CF8F826F3E1CFDC91D697F50C5A02E796CD153","98A1E141C34F8EFD7551BFF254CF8F826F3E1CFDC91D697F50C5A02E796CD153","final_report_static_png"
"05_visuals/assets/report_static/FIG_6-1.png","A8赛题核心工作区/仿真报告规划_20260712/06_第六章单机性能鲁棒性与约束结果_20260714/20260715_第三版读者表达与图表修订/figures/figure_6_1_standard_steps.png","338923","75E91D1873DC828B7305B5F271EA68F0A81F11605730BC99D659CB171C4518CB","75E91D1873DC828B7305B5F271EA68F0A81F11605730BC99D659CB171C4518CB","final_report_static_png"
"05_visuals/assets/report_static/FIG_6-2.png","A8赛题核心工作区/仿真报告规划_20260712/06_第六章单机性能鲁棒性与约束结果_20260714/20260715_第三版读者表达与图表修订/figures/figure_6_2_pid_main_typical_tasks.png","295443","6F926D3034FCA750589698E6FF8A54F0AD56B86BD417913D9DDA3D9EA5C3E45A","6F926D3034FCA750589698E6FF8A54F0AD56B86BD417913D9DDA3D9EA5C3E45A","final_report_static_png"
"05_visuals/assets/report_static/FIG_6-3.png","A8赛题核心工作区/仿真报告规划_20260712/06_第六章单机性能鲁棒性与约束结果_20260714/20260715_第三版读者表达与图表修订/figures/figure_6_3_continuous_trajectories.png","698676","29DED7495F7B2533BBD56A231DB7F48E3C0A2E1EE4CC40613B7D0CE1D94C612E","29DED7495F7B2533BBD56A231DB7F48E3C0A2E1EE4CC40613B7D0CE1D94C612E","final_report_static_png"
"05_visuals/assets/report_static/FIG_6-4.png","A8赛题核心工作区/仿真报告规划_20260712/06_第六章单机性能鲁棒性与约束结果_20260714/20260715_第三版读者表达与图表修订/figures/figure_6_4_five_controller_common_scenes.png","316443","5164B91DF71392CB668F8D5F0B59A5ED07C42F83A9354160E550C60D8E5C60DC","5164B91DF71392CB668F8D5F0B59A5ED07C42F83A9354160E550C60D8E5C60DC","final_report_static_png"
"05_visuals/assets/report_static/FIG_6-5.png","A8赛题核心工作区/仿真报告规划_20260712/06_第六章单机性能鲁棒性与约束结果_20260714/20260715_第三版读者表达与图表修订/figures/figure_6_5_parameter_results.png","343572","D71FA62F9D3C9716B170049F8F27306A55DD6AE5606B1B6B1854E39BBA213499","D71FA62F9D3C9716B170049F8F27306A55DD6AE5606B1B6B1854E39BBA213499","final_report_static_png"
"05_visuals/assets/report_static/FIG_6-6.png","A8赛题核心工作区/仿真报告规划_20260712/06_第六章单机性能鲁棒性与约束结果_20260714/20260715_第三版读者表达与图表修订/figures/figure_6_6_disturbance_tradeoff.png","228752","AFA5AF3F0D5836F438534FE1BB4916676F6E4158375B28F799113A3F5FEDC9B7","AFA5AF3F0D5836F438534FE1BB4916676F6E4158375B28F799113A3F5FEDC9B7","final_report_static_png"
"05_visuals/assets/report_static/FIG_6-7.png","A8赛题核心工作区/仿真报告规划_20260712/06_第六章单机性能鲁棒性与约束结果_20260714/20260715_第三版读者表达与图表修订/figures/figure_6_7_environment_transparency.png","175327","576AA4BAE5DB2CAABE1E9D01090553F7D8C343ED30557AAA62E74FA3D932A958","576AA4BAE5DB2CAABE1E9D01090553F7D8C343ED30557AAA62E74FA3D932A958","final_report_static_png"
"05_visuals/assets/report_static/FIG_6-8.png","tmp/docs/report_merge_20260716/corrected_assets/figure_6_8_cghte_diagnostics_corrected.png","429104","7D16FF065F5287F9B1B56A4AFA84EE1FF979B1E0792AE6B160027750CFD3CFC4","7D16FF065F5287F9B1B56A4AFA84EE1FF979B1E0792AE6B160027750CFD3CFC4","final_report_static_png"
"05_visuals/assets/report_static/FIG_7-1.png","A8赛题核心工作区/仿真报告规划_20260712/07_第七章独立写作_20260714/第二次交接_20260715/figures_R2/figure_7_1_formation_coordination.png","392439","4EA950076F93DBEFBCE6289FC485AF46EDE98A20FB55CE41040F8D914605F99F","4EA950076F93DBEFBCE6289FC485AF46EDE98A20FB55CE41040F8D914605F99F","final_report_static_png"
"05_visuals/assets/report_static/FIG_7-2.png","A8赛题核心工作区/仿真报告规划_20260712/07_第七章独立写作_20260714/第二次交接_20260715/figures_R2/figure_7_2_pp_cbf_safety_benefit.png","196186","61B51C401974732B257F6D7DD53217933EC88A8533F74774244CB3D37C539095","61B51C401974732B257F6D7DD53217933EC88A8533F74774244CB3D37C539095","final_report_static_png"
"05_visuals/assets/report_static/FIG_8-1.png","tmp/docs/chapter8_rewrite_20260716/figure_8_1_pid_base_main_table_compact.png","227661","0736A57B22800434343709AF6528E4488BA63986F13297AA215497B77198DB30","0736A57B22800434343709AF6528E4488BA63986F13297AA215497B77198DB30","final_report_static_png"
"05_visuals/assets/report_static/FIG_A-1.png","A8赛题核心工作区/仿真报告规划_20260712/01_第一章稳定内容试写/20260715_第二次交接终校/figures/appendix_a_1_keyword_density.png","186514","3FB78DE2F5310A2F8F61DCF4D5299CE0F97E4B86340872C897948CD0F7FAC7A5","3FB78DE2F5310A2F8F61DCF4D5299CE0F97E4B86340872C897948CD0F7FAC7A5","final_report_static_png"
"05_visuals/assets/report_static/FIG_C-1.png","A8赛题核心工作区/仿真报告规划_20260712/03_第三四章方法写作_20260714/第二次交接终校_20260715/03_figures/R11图表细节优化/图A-1_CGHTE推力尺度估计与应用流程_R11.png","360115","CB0CCAB083CD9D881DABE452C18F6FF3C1EE63DFDEEB0C677F81299B3A205F8E","CB0CCAB083CD9D881DABE452C18F6FF3C1EE63DFDEEB0C677F81299B3A205F8E","final_report_static_png"
"05_visuals/assets/report_static/FIG_C-2.png","A8赛题核心工作区/仿真报告规划_20260712/03_第三四章方法写作_20260714/第二次交接终校_20260715/03_figures/R9语言与Sysblock附录优化/RA-GCA-CGHTE_Sysblock内部实现_6000x4000.png","788395","67009EEF87D331F41637F58C0934CE41DA946C6C3893D01B1E569632601E5C35","67009EEF87D331F41637F58C0934CE41DA946C6C3893D01B1E569632601E5C35","final_report_static_png"
"05_visuals/assets/report_static/FIG_C-3.png","A8赛题核心工作区/仿真报告规划_20260712/03_第三四章方法写作_20260714/第二次交接终校_20260715/03_figures/R13完整图与连续排版终校/图A-3_Sysblock完整实现重点区域标注_R13.png","652631","6FFE14B9D535FB32847266A0D52BFBEFC0D624AF4826A2E7C51709BC90AD9687","6FFE14B9D535FB32847266A0D52BFBEFC0D624AF4826A2E7C51709BC90AD9687","final_report_static_png"
"05_visuals/assets/report_static/FIG_D-1.png","A8赛题核心工作区/仿真报告规划_20260712/06_第六章单机性能鲁棒性与约束结果_20260714/20260715_第三版读者表达与图表修订/figures/figure_a_1_compound_stress_tradeoff.png","208554","CDA8169CF56EB57B97E7A7F31CE28A1948236E55675467FBD78629D37ACE5D46","CDA8169CF56EB57B97E7A7F31CE28A1948236E55675467FBD78629D37ACE5D46","final_report_static_png"
"05_visuals/assets/report_static/FIG_E-1.png","A8赛题核心工作区/仿真报告规划_20260712/07_第七章独立写作_20260714/第二次交接_20260715/figures_R2/figure_A_1_pp_cbf_intervention_diagnostics.png","194312","5B3EB4556F50ACEA9E60F76B920342E25E17CDB75FBEFEC12DC275D5B7015750","5B3EB4556F50ACEA9E60F76B920342E25E17CDB75FBEFEC12DC275D5B7015750","final_report_static_png"
"05_visuals/README_可视化说明.md","完整源文件打包工作区_20260715/build_spec/templates/05_visuals/README_可视化说明.md","1314","43EDF0C66B3EFE500CA4950DCE087FB36DF182785DD07A5CBB45D00B09F7B75B","E2E1289014EB1801CAB7B61B68868B3A83658C28776ACB137A0BFC86A58C748F","package_documentation_or_audit"
"06_supplementary_evidence/campaign_cases.csv","正式V8_V9HTE主算法决选_20260714/04_analysis/top2_full32/candidate_011/campaign_cases.csv","16101","BB8D6D64152A36386EA8474F5104DF6C5760CFE429374C6FAE51EE1B16663D79","1D92A601936059D281834CB1A23689F4B31F8CD4C42F299882089B063E7BBBAF","supplementary_case_metrics"
"06_supplementary_evidence/campaign_gates.csv","正式V8_V9HTE主算法决选_20260714/04_analysis/top2_full32/candidate_011/campaign_gates.csv","316","C762582251608D2A63514553FDA0965E0181B50BA33F12AE9C2C8A5A9DFB5E85","C762582251608D2A63514553FDA0965E0181B50BA33F12AE9C2C8A5A9DFB5E85","supplementary_gate_summary"
"06_supplementary_evidence/campaign_pairs.csv","正式V8_V9HTE主算法决选_20260714/04_analysis/top2_full32/candidate_011/campaign_pairs.csv","3879","3C3CD15F1AAE30A522CCEE548F481246C0D8D5D4B0892B62AE2FCDDDB5C09563","4AD23C57B025024862075E1F86A97BC56D7072294FC0AD8E37B08DF41013A49F","supplementary_pair_matrix"
"06_supplementary_evidence/ra_gca_cg_hte_32_raw/Scene01.csv","正式V8_V9HTE主算法决选_20260714/03_results/top2_full32/candidate_011/raw/Scene01.csv","4451952","D1CB6F64BC2920225629A0C1C5AED867A4C8CBF31F34683D7E1A2835AE327BC1","D1CB6F64BC2920225629A0C1C5AED867A4C8CBF31F34683D7E1A2835AE327BC1","supplementary_current_main_raw"
"06_supplementary_evidence/ra_gca_cg_hte_32_raw/Scene01S_X.csv","正式V8_V9HTE主算法决选_20260714/03_results/top2_full32/candidate_011/raw/Scene01S_X.csv","2642463","E27C24A970455CF8E5E48B5DB46DBB3BAEF65D44894A2B2A45466B3C8E19B43E","E27C24A970455CF8E5E48B5DB46DBB3BAEF65D44894A2B2A45466B3C8E19B43E","supplementary_current_main_raw"
"06_supplementary_evidence/ra_gca_cg_hte_32_raw/Scene01S_Y.csv","正式V8_V9HTE主算法决选_20260714/03_results/top2_full32/candidate_011/raw/Scene01S_Y.csv","2643275","ED6858BCEFC4F864DD098E0584917B1613FB55BDE9255802F8E827B1BBBF8B2B","ED6858BCEFC4F864DD098E0584917B1613FB55BDE9255802F8E827B1BBBF8B2B","supplementary_current_main_raw"
"06_supplementary_evidence/ra_gca_cg_hte_32_raw/Scene01S_Z.csv","正式V8_V9HTE主算法决选_20260714/03_results/top2_full32/candidate_011/raw/Scene01S_Z.csv","2640744","BDEC6D2BF7265D1076698BA5E38369E4B7BA67FF1A7D7831ED911E2BE32A179F","BDEC6D2BF7265D1076698BA5E38369E4B7BA67FF1A7D7831ED911E2BE32A179F","supplementary_current_main_raw"
"06_supplementary_evidence/ra_gca_cg_hte_32_raw/Scene02.csv","正式V8_V9HTE主算法决选_20260714/03_results/top2_full32/candidate_011/raw/Scene02.csv","4888910","D0B4937C57656B372C16F2CBF9D864EADCCD06E69DA8EAD0E02732486B0C4B2B","D0B4937C57656B372C16F2CBF9D864EADCCD06E69DA8EAD0E02732486B0C4B2B","supplementary_current_main_raw"
"06_supplementary_evidence/ra_gca_cg_hte_32_raw/Scene03.csv","正式V8_V9HTE主算法决选_20260714/03_results/top2_full32/candidate_011/raw/Scene03.csv","11713472","F5EA7FC2F015DE43F2B38D51A7FD30B52D9741970DCF0C1D0E39B00E2635A295","F5EA7FC2F015DE43F2B38D51A7FD30B52D9741970DCF0C1D0E39B00E2635A295","supplementary_current_main_raw"
"06_supplementary_evidence/ra_gca_cg_hte_32_raw/Scene04.csv","正式V8_V9HTE主算法决选_20260714/03_results/top2_full32/candidate_011/raw/Scene04.csv","2654132","A95BE2B543A3808DA8CF26797CDB44B0B1FEA13DF4786E6F8C273A39FEC4534C","A95BE2B543A3808DA8CF26797CDB44B0B1FEA13DF4786E6F8C273A39FEC4534C","supplementary_current_main_raw"
"06_supplementary_evidence/ra_gca_cg_hte_32_raw/Scene05B_C000.csv","正式V8_V9HTE主算法决选_20260714/03_results/top2_full32/candidate_011/raw/Scene05B_C000.csv","4900180","08014396136938BADD6D63CC58B6E61E39995A731EAA75EE9F97580CBB52DEF7","08014396136938BADD6D63CC58B6E61E39995A731EAA75EE9F97580CBB52DEF7","supplementary_current_main_raw"
"06_supplementary_evidence/ra_gca_cg_hte_32_raw/Scene05B_C001.csv","正式V8_V9HTE主算法决选_20260714/03_results/top2_full32/candidate_011/raw/Scene05B_C001.csv","4913476","DA6EA604C7A88100A1D001FB63DE221DE8BECD1E9540EC15AF30C477B1F36189","DA6EA604C7A88100A1D001FB63DE221DE8BECD1E9540EC15AF30C477B1F36189","supplementary_current_main_raw"
"06_supplementary_evidence/ra_gca_cg_hte_32_raw/Scene05B_C010.csv","正式V8_V9HTE主算法决选_20260714/03_results/top2_full32/candidate_011/raw/Scene05B_C010.csv","4906134","0943328A25A413591FF278070ADA915D6E78CF4B08AE830E08340A8AD8DF963D","0943328A25A413591FF278070ADA915D6E78CF4B08AE830E08340A8AD8DF963D","supplementary_current_main_raw"
"06_supplementary_evidence/ra_gca_cg_hte_32_raw/Scene05B_C011.csv","正式V8_V9HTE主算法决选_20260714/03_results/top2_full32/candidate_011/raw/Scene05B_C011.csv","4915481","8425E8E52EAA8C7B6F67CAD60C482CFA833B39D873B967D0903499F297BD4C36","8425E8E52EAA8C7B6F67CAD60C482CFA833B39D873B967D0903499F297BD4C36","supplementary_current_main_raw"
"06_supplementary_evidence/ra_gca_cg_hte_32_raw/Scene05B_C100.csv","正式V8_V9HTE主算法决选_20260714/03_results/top2_full32/candidate_011/raw/Scene05B_C100.csv","4909831","C37C51168BB7E41EF51470247928FE835F59D7F472F140BE06298391E91030CE","C37C51168BB7E41EF51470247928FE835F59D7F472F140BE06298391E91030CE","supplementary_current_main_raw"
"06_supplementary_evidence/ra_gca_cg_hte_32_raw/Scene05B_C101.csv","正式V8_V9HTE主算法决选_20260714/03_results/top2_full32/candidate_011/raw/Scene05B_C101.csv","4942911","20E5280094D1638A930891D534040499EFE294700D12AA0E167E21CCE5375633","20E5280094D1638A930891D534040499EFE294700D12AA0E167E21CCE5375633","supplementary_current_main_raw"
"06_supplementary_evidence/ra_gca_cg_hte_32_raw/Scene05B_C110.csv","正式V8_V9HTE主算法决选_20260714/03_results/top2_full32/candidate_011/raw/Scene05B_C110.csv","4845596","C924927B6E6361828A3EC27CD9830965470838587A41ABC3FA8C3E15CAD43665","C924927B6E6361828A3EC27CD9830965470838587A41ABC3FA8C3E15CAD43665","supplementary_current_main_raw"
"06_supplementary_evidence/ra_gca_cg_hte_32_raw/Scene05B_C111.csv","正式V8_V9HTE主算法决选_20260714/03_results/top2_full32/candidate_011/raw/Scene05B_C111.csv","4847878","315A406A7E8AE25BEA9033B841935C4ED7467D4DD21483C15A073EAF06A75580","315A406A7E8AE25BEA9033B841935C4ED7467D4DD21483C15A073EAF06A75580","supplementary_current_main_raw"
"06_supplementary_evidence/ra_gca_cg_hte_32_raw/Scene05B_LiftMinus10.csv","正式V8_V9HTE主算法决选_20260714/03_results/top2_full32/candidate_011/raw/Scene05B_LiftMinus10.csv","4975062","1C3C4FA55464E5A1E7C61262893D17D528BF7CB33CEF6449D390FF2647EE4375","1C3C4FA55464E5A1E7C61262893D17D528BF7CB33CEF6449D390FF2647EE4375","supplementary_current_main_raw"
"06_supplementary_evidence/ra_gca_cg_hte_32_raw/Scene05B_Nominal.csv","正式V8_V9HTE主算法决选_20260714/03_results/top2_full32/candidate_011/raw/Scene05B_Nominal.csv","4935405","04B0413E716C03B271CBD6A9D04568147871C1C20B4299C8530E8191E29B446C","04B0413E716C03B271CBD6A9D04568147871C1C20B4299C8530E8191E29B446C","supplementary_current_main_raw"
"06_supplementary_evidence/ra_gca_cg_hte_32_raw/Scene05B_PayloadPlus10.csv","正式V8_V9HTE主算法决选_20260714/03_results/top2_full32/candidate_011/raw/Scene05B_PayloadPlus10.csv","5002775","C3BE2459C2E4BFB6C695333BFAA583BCDACAE8ADD1B8CEBABE8B4B42F6479CF5","C3BE2459C2E4BFB6C695333BFAA583BCDACAE8ADD1B8CEBABE8B4B42F6479CF5","supplementary_current_main_raw"
"06_supplementary_evidence/ra_gca_cg_hte_32_raw/Scene06b.csv","正式V8_V9HTE主算法决选_20260714/03_results/top2_full32/candidate_011/raw/Scene06b.csv","2676320","BF89CBD3AE9BDDE4BB6A991C87A98853B1D310A79787B6E2F19668BC3FA02A1F","BF89CBD3AE9BDDE4BB6A991C87A98853B1D310A79787B6E2F19668BC3FA02A1F","supplementary_current_main_raw"
"06_supplementary_evidence/ra_gca_cg_hte_32_raw/Scene07B.csv","正式V8_V9HTE主算法决选_20260714/03_results/top2_full32/candidate_011/raw/Scene07B.csv","19568830","50DBF50B8C05F538D5DDF2F9027EB0BC4424DCA30055CBBFC4BDE5F838B7B87B","50DBF50B8C05F538D5DDF2F9027EB0BC4424DCA30055CBBFC4BDE5F838B7B87B","supplementary_current_main_raw"
"06_supplementary_evidence/ra_gca_cg_hte_32_raw/Scene07COff.csv","正式V8_V9HTE主算法决选_20260714/03_results/top2_full32/candidate_011/raw/Scene07COff.csv","12656686","D9EDACC8337B2014E6ACBE0CE3431AC4ADA4C5E876C5CD5DAE5F41F838D7C7B5","D9EDACC8337B2014E6ACBE0CE3431AC4ADA4C5E876C5CD5DAE5F41F838D7C7B5","supplementary_current_main_raw"
"06_supplementary_evidence/ra_gca_cg_hte_32_raw/Scene07COnPredictiveV5C.csv","正式V8_V9HTE主算法决选_20260714/03_results/top2_full32/candidate_011/raw/Scene07COnPredictiveV5C.csv","12729441","D5C327B45C835608DA3975F9401E2CE7FDC5ED9E20EF41772DB16A835294C2CE","D5C327B45C835608DA3975F9401E2CE7FDC5ED9E20EF41772DB16A835294C2CE","supplementary_current_main_raw"
"06_supplementary_evidence/ra_gca_cg_hte_32_raw/Scene08_P0.csv","正式V8_V9HTE主算法决选_20260714/03_results/top2_full32/candidate_011/raw/Scene08_P0.csv","4534683","F2EE4C65706F74DFBA115043ABE16C6E1D3550A7D0E9CB7572B4801739BEBBDB","F2EE4C65706F74DFBA115043ABE16C6E1D3550A7D0E9CB7572B4801739BEBBDB","supplementary_current_main_raw"
"06_supplementary_evidence/ra_gca_cg_hte_32_raw/Scene08_P1.csv","正式V8_V9HTE主算法决选_20260714/03_results/top2_full32/candidate_011/raw/Scene08_P1.csv","4518729","389B839866574ED35920F73C04C021BEEDFDD201F21C7B632F6B1598DD03DE62","389B839866574ED35920F73C04C021BEEDFDD201F21C7B632F6B1598DD03DE62","supplementary_current_main_raw"
"06_supplementary_evidence/ra_gca_cg_hte_32_raw/Scene08_P2.csv","正式V8_V9HTE主算法决选_20260714/03_results/top2_full32/candidate_011/raw/Scene08_P2.csv","4522589","6A747CA6D7ADC13AC80E627E2817A2A4702283ECB39E4E0659F0E148CDD2BA23","6A747CA6D7ADC13AC80E627E2817A2A4702283ECB39E4E0659F0E148CDD2BA23","supplementary_current_main_raw"
"06_supplementary_evidence/ra_gca_cg_hte_32_raw/Scene08_P3.csv","正式V8_V9HTE主算法决选_20260714/03_results/top2_full32/candidate_011/raw/Scene08_P3.csv","4532495","31E5AADFC409915F614ED71E9C77270D24AD71322E60DBF443169C1D1E5130A6","31E5AADFC409915F614ED71E9C77270D24AD71322E60DBF443169C1D1E5130A6","supplementary_current_main_raw"
"06_supplementary_evidence/ra_gca_cg_hte_32_raw/Scene08_P4.csv","正式V8_V9HTE主算法决选_20260714/03_results/top2_full32/candidate_011/raw/Scene08_P4.csv","4524171","DDE48C9998E43E0C74EB027988ECCBA82A987CED68CF6A52931801465041097F","DDE48C9998E43E0C74EB027988ECCBA82A987CED68CF6A52931801465041097F","supplementary_current_main_raw"
"06_supplementary_evidence/ra_gca_cg_hte_32_raw/Scene10_P0.csv","正式V8_V9HTE主算法决选_20260714/03_results/top2_full32/candidate_011/raw/Scene10_P0.csv","4736927","19F84C1E922576EF77FAA23F222C01495373E52866BDFC2DBC8D0DCB12515451","19F84C1E922576EF77FAA23F222C01495373E52866BDFC2DBC8D0DCB12515451","supplementary_current_main_raw"
"06_supplementary_evidence/ra_gca_cg_hte_32_raw/Scene10_P1.csv","正式V8_V9HTE主算法决选_20260714/03_results/top2_full32/candidate_011/raw/Scene10_P1.csv","4737128","23DA784317D0C31415DEBBD64B88DB7660B91289643761E0765C4A8CC52C5A1E","23DA784317D0C31415DEBBD64B88DB7660B91289643761E0765C4A8CC52C5A1E","supplementary_current_main_raw"
"06_supplementary_evidence/ra_gca_cg_hte_32_raw/Scene10_P2.csv","正式V8_V9HTE主算法决选_20260714/03_results/top2_full32/candidate_011/raw/Scene10_P2.csv","4737471","F5E544FF2519D4A2B7A460BDDD31FB91EFC3F9D1EDE6CBECB13F3B16AD3BF7DC","F5E544FF2519D4A2B7A460BDDD31FB91EFC3F9D1EDE6CBECB13F3B16AD3BF7DC","supplementary_current_main_raw"
"06_supplementary_evidence/ra_gca_cg_hte_32_raw/Scene10_P3.csv","正式V8_V9HTE主算法决选_20260714/03_results/top2_full32/candidate_011/raw/Scene10_P3.csv","4736883","1BC96873FD7DE2DC4856EBE5E50A363CD4EB59048F198750551A37F2F0F837B4","1BC96873FD7DE2DC4856EBE5E50A363CD4EB59048F198750551A37F2F0F837B4","supplementary_current_main_raw"
"06_supplementary_evidence/ra_gca_cg_hte_32_raw/Scene10_P4.csv","正式V8_V9HTE主算法决选_20260714/03_results/top2_full32/candidate_011/raw/Scene10_P4.csv","4737045","A20A6DDAC7AE7BA0C7699F080B6F1C3AE14A94DDFA3EA2FE7FB3850A129CA6AC","A20A6DDAC7AE7BA0C7699F080B6F1C3AE14A94DDFA3EA2FE7FB3850A129CA6AC","supplementary_current_main_raw"
"06_supplementary_evidence/ra_gca_v8_32_raw/Scene01.csv","正式V8_V9HTE主算法决选_20260714/03_results/phase1/v8_accepted/raw/Scene01.csv","4233805","CFEC3D972581E33BFF004F89D7E7214DA1E86A2E1BD6B1BBBD9B667CD28BBE8A","CFEC3D972581E33BFF004F89D7E7214DA1E86A2E1BD6B1BBBD9B667CD28BBE8A","supplementary_v8_raw"
"06_supplementary_evidence/ra_gca_v8_32_raw/Scene01S_X.csv","正式V8_V9HTE主算法决选_20260714/03_results/phase1/v8_accepted/raw/Scene01S_X.csv","2220672","ED49B6BCF1A059BA3A0C839435601F5285145A342E97DC75193BE7160DB54D20","ED49B6BCF1A059BA3A0C839435601F5285145A342E97DC75193BE7160DB54D20","supplementary_v8_raw"
"06_supplementary_evidence/ra_gca_v8_32_raw/Scene01S_Y.csv","正式V8_V9HTE主算法决选_20260714/03_results/phase1/v8_accepted/raw/Scene01S_Y.csv","2208859","D332E41DA7EEC702B85D5B165E161480CE435519617AFF19C652B1A88F8D3AE1","D332E41DA7EEC702B85D5B165E161480CE435519617AFF19C652B1A88F8D3AE1","supplementary_v8_raw"
"06_supplementary_evidence/ra_gca_v8_32_raw/Scene01S_Z.csv","正式V8_V9HTE主算法决选_20260714/03_results/phase1/v8_accepted/raw/Scene01S_Z.csv","2182353","E83F3CA21EF11E155DD833A60D95054C1A4844C1436B30731B334D0AD14EC5CB","E83F3CA21EF11E155DD833A60D95054C1A4844C1436B30731B334D0AD14EC5CB","supplementary_v8_raw"
"06_supplementary_evidence/ra_gca_v8_32_raw/Scene02.csv","正式V8_V9HTE主算法决选_20260714/03_results/phase1/v8_accepted/raw/Scene02.csv","4614199","A4DC81B75B986010661D361FA12BDAB301AA4AC96D13B1164695740321F0B05A","A4DC81B75B986010661D361FA12BDAB301AA4AC96D13B1164695740321F0B05A","supplementary_v8_raw"
"06_supplementary_evidence/ra_gca_v8_32_raw/Scene03.csv","正式V8_V9HTE主算法决选_20260714/03_results/phase1/v8_accepted/raw/Scene03.csv","11066076","C585AAF9DEBB466E17D2824F86773CE18841D7A1FE0C74BE9A19E358A345E796","C585AAF9DEBB466E17D2824F86773CE18841D7A1FE0C74BE9A19E358A345E796","supplementary_v8_raw"
"06_supplementary_evidence/ra_gca_v8_32_raw/Scene04.csv","正式V8_V9HTE主算法决选_20260714/03_results/phase1/v8_accepted/raw/Scene04.csv","2476746","B820D564293B1DE1AB3E93E4B8DECD713BC743974319EE1236B0C36A4C162C2A","B820D564293B1DE1AB3E93E4B8DECD713BC743974319EE1236B0C36A4C162C2A","supplementary_v8_raw"
"06_supplementary_evidence/ra_gca_v8_32_raw/Scene05B_C000.csv","正式V8_V9HTE主算法决选_20260714/03_results/phase1/v8_accepted/raw/Scene05B_C000.csv","4562592","95555C089CE30BFCCFD931A3C0E9A5DD594ACF7494F667C636E444C454E5ABE9","95555C089CE30BFCCFD931A3C0E9A5DD594ACF7494F667C636E444C454E5ABE9","supplementary_v8_raw"
"06_supplementary_evidence/ra_gca_v8_32_raw/Scene05B_C001.csv","正式V8_V9HTE主算法决选_20260714/03_results/phase1/v8_accepted/raw/Scene05B_C001.csv","4684125","DE05ADA746E62FDDF282C99308751404EF558639547DD730E9332AA40C7706C0","DE05ADA746E62FDDF282C99308751404EF558639547DD730E9332AA40C7706C0","supplementary_v8_raw"
"06_supplementary_evidence/ra_gca_v8_32_raw/Scene05B_C010.csv","正式V8_V9HTE主算法决选_20260714/03_results/phase1/v8_accepted/raw/Scene05B_C010.csv","4653088","185D59852E144965D6FB1FC7B5242208CD470C9E764C66A3A4D94A3B643752B5","185D59852E144965D6FB1FC7B5242208CD470C9E764C66A3A4D94A3B643752B5","supplementary_v8_raw"
"06_supplementary_evidence/ra_gca_v8_32_raw/Scene05B_C011.csv","正式V8_V9HTE主算法决选_20260714/03_results/phase1/v8_accepted/raw/Scene05B_C011.csv","4646536","9D3885F572C1E8A4C2D60004E603BA10296AF5C819EE42A874630212A05BDB0E","9D3885F572C1E8A4C2D60004E603BA10296AF5C819EE42A874630212A05BDB0E","supplementary_v8_raw"
"06_supplementary_evidence/ra_gca_v8_32_raw/Scene05B_C100.csv","正式V8_V9HTE主算法决选_20260714/03_results/phase1/v8_accepted/raw/Scene05B_C100.csv","4696555","2F3A1178E42345A1549DA43F817F77F289835A1A623F2AE763720CF6C7FDFE0A","2F3A1178E42345A1549DA43F817F77F289835A1A623F2AE763720CF6C7FDFE0A","supplementary_v8_raw"
"06_supplementary_evidence/ra_gca_v8_32_raw/Scene05B_C101.csv","正式V8_V9HTE主算法决选_20260714/03_results/phase1/v8_accepted/raw/Scene05B_C101.csv","4668838","433C02DD309DF0D6CD36505F9DBAC7C263F327CE142338DD7DBE0B9016CF3377","433C02DD309DF0D6CD36505F9DBAC7C263F327CE142338DD7DBE0B9016CF3377","supplementary_v8_raw"
"06_supplementary_evidence/ra_gca_v8_32_raw/Scene05B_C110.csv","正式V8_V9HTE主算法决选_20260714/03_results/phase1/v8_accepted/raw/Scene05B_C110.csv","4562481","36DD9FEC9994F42C1A948D6D338340A8AE04FFF6F2CBFFD7E0661DC2FA6F224C","36DD9FEC9994F42C1A948D6D338340A8AE04FFF6F2CBFFD7E0661DC2FA6F224C","supplementary_v8_raw"
"06_supplementary_evidence/ra_gca_v8_32_raw/Scene05B_C111.csv","正式V8_V9HTE主算法决选_20260714/03_results/phase1/v8_accepted/raw/Scene05B_C111.csv","4569576","F4B798E021D83A28C22E11DDF016C1E13AB2C33524D1E720A7B331AF3336F71B","F4B798E021D83A28C22E11DDF016C1E13AB2C33524D1E720A7B331AF3336F71B","supplementary_v8_raw"
"06_supplementary_evidence/ra_gca_v8_32_raw/Scene05B_LiftMinus10.csv","正式V8_V9HTE主算法决选_20260714/03_results/phase1/v8_accepted/raw/Scene05B_LiftMinus10.csv","4548619","F4014CCEE071B61F5B9337C8DE0FF092EF8BE8312AE0142BD5CD21259A312A85","F4014CCEE071B61F5B9337C8DE0FF092EF8BE8312AE0142BD5CD21259A312A85","supplementary_v8_raw"
"06_supplementary_evidence/ra_gca_v8_32_raw/Scene05B_Nominal.csv","正式V8_V9HTE主算法决选_20260714/03_results/phase1/v8_accepted/raw/Scene05B_Nominal.csv","4641769","1FFAAC107D5E83CCCD449198283A689B8E33C6949CDEC7F1FF1BADB2C8BF50DD","1FFAAC107D5E83CCCD449198283A689B8E33C6949CDEC7F1FF1BADB2C8BF50DD","supplementary_v8_raw"
"06_supplementary_evidence/ra_gca_v8_32_raw/Scene05B_PayloadPlus10.csv","正式V8_V9HTE主算法决选_20260714/03_results/phase1/v8_accepted/raw/Scene05B_PayloadPlus10.csv","4594348","7D74CB6840588C68598BE0F09B6A1A6080DA4BFB10B42A8386D298746DDD790D","7D74CB6840588C68598BE0F09B6A1A6080DA4BFB10B42A8386D298746DDD790D","supplementary_v8_raw"
"06_supplementary_evidence/ra_gca_v8_32_raw/Scene06b.csv","正式V8_V9HTE主算法决选_20260714/03_results/phase1/v8_accepted/raw/Scene06b.csv","2527333","7E19BBF6BA877B07D47178BF1DD57B258C31295EF0F5F4241D055DA65B24FF36","7E19BBF6BA877B07D47178BF1DD57B258C31295EF0F5F4241D055DA65B24FF36","supplementary_v8_raw"
"06_supplementary_evidence/ra_gca_v8_32_raw/Scene07B.csv","正式V8_V9HTE主算法决选_20260714/03_results/phase1/v8_accepted/raw/Scene07B.csv","18504189","FC562397F58D4910797CA5775F6EF72F7B9CE48C75F06788CA81DCC90BE6B06A","FC562397F58D4910797CA5775F6EF72F7B9CE48C75F06788CA81DCC90BE6B06A","supplementary_v8_raw"
"06_supplementary_evidence/ra_gca_v8_32_raw/Scene07COff.csv","正式V8_V9HTE主算法决选_20260714/03_results/phase1/v8_accepted/raw/Scene07COff.csv","12023363","6BE8300B8D1B3F34ED1540921A5EEA94F65FE4EB81AAB97A4C27FF4A9BA72C40","6BE8300B8D1B3F34ED1540921A5EEA94F65FE4EB81AAB97A4C27FF4A9BA72C40","supplementary_v8_raw"
"06_supplementary_evidence/ra_gca_v8_32_raw/Scene07COnPredictiveV5C.csv","正式V8_V9HTE主算法决选_20260714/03_results/phase1/v8_accepted/raw/Scene07COnPredictiveV5C.csv","12094035","6C935E85BF77AAE79DF52078DA46D21B14CEC2E613C6291F99C9A324830C0AB1","6C935E85BF77AAE79DF52078DA46D21B14CEC2E613C6291F99C9A324830C0AB1","supplementary_v8_raw"
"06_supplementary_evidence/ra_gca_v8_32_raw/Scene08_P0.csv","正式V8_V9HTE主算法决选_20260714/03_results/phase1/v8_accepted/raw/Scene08_P0.csv","4382913","6EAFE7BBC0322F57C84637BE46F768EBFBC3365E88F61D601B9F10FE919CC6F7","6EAFE7BBC0322F57C84637BE46F768EBFBC3365E88F61D601B9F10FE919CC6F7","supplementary_v8_raw"
"06_supplementary_evidence/ra_gca_v8_32_raw/Scene08_P1.csv","正式V8_V9HTE主算法决选_20260714/03_results/phase1/v8_accepted/raw/Scene08_P1.csv","4366069","14656B669DF2030FE683BE99A7835A23523698309C29EF422C4AD93FC7CA6EAD","14656B669DF2030FE683BE99A7835A23523698309C29EF422C4AD93FC7CA6EAD","supplementary_v8_raw"
"06_supplementary_evidence/ra_gca_v8_32_raw/Scene08_P2.csv","正式V8_V9HTE主算法决选_20260714/03_results/phase1/v8_accepted/raw/Scene08_P2.csv","4372477","E3FC201E61CDE2862D6B0450F1E48D03888C8D03B0283B1E586D77D92F5236A6","E3FC201E61CDE2862D6B0450F1E48D03888C8D03B0283B1E586D77D92F5236A6","supplementary_v8_raw"
"06_supplementary_evidence/ra_gca_v8_32_raw/Scene08_P3.csv","正式V8_V9HTE主算法决选_20260714/03_results/phase1/v8_accepted/raw/Scene08_P3.csv","4381876","4B561BB629454BBD1DDF980A307DEAE573CEC0A1D507137749BAE95013DE7CFF","4B561BB629454BBD1DDF980A307DEAE573CEC0A1D507137749BAE95013DE7CFF","supplementary_v8_raw"
"06_supplementary_evidence/ra_gca_v8_32_raw/Scene08_P4.csv","正式V8_V9HTE主算法决选_20260714/03_results/phase1/v8_accepted/raw/Scene08_P4.csv","4371799","D15ADE004CE6EE63E058868458969447FEF8A3A258200EBC23521EAF035A62B3","D15ADE004CE6EE63E058868458969447FEF8A3A258200EBC23521EAF035A62B3","supplementary_v8_raw"
"06_supplementary_evidence/ra_gca_v8_32_raw/Scene10_P0.csv","正式V8_V9HTE主算法决选_20260714/03_results/phase1/v8_accepted/raw/Scene10_P0.csv","4586204","7E7F6C0263A94741701F1F53FB066E843820992850F086EBB6057F9EA0A76B44","7E7F6C0263A94741701F1F53FB066E843820992850F086EBB6057F9EA0A76B44","supplementary_v8_raw"
"06_supplementary_evidence/ra_gca_v8_32_raw/Scene10_P1.csv","正式V8_V9HTE主算法决选_20260714/03_results/phase1/v8_accepted/raw/Scene10_P1.csv","4586034","8388F008CEB564BEFBBE8DAD53E3366ED5FF4AC132228870EB58BC4021F4EFD3","8388F008CEB564BEFBBE8DAD53E3366ED5FF4AC132228870EB58BC4021F4EFD3","supplementary_v8_raw"
"06_supplementary_evidence/ra_gca_v8_32_raw/Scene10_P2.csv","正式V8_V9HTE主算法决选_20260714/03_results/phase1/v8_accepted/raw/Scene10_P2.csv","4586132","7BDF20FE878A5561A7C876F45CC5A07B7B3C5595BCD15B560DA750E1B3389D5F","7BDF20FE878A5561A7C876F45CC5A07B7B3C5595BCD15B560DA750E1B3389D5F","supplementary_v8_raw"
"06_supplementary_evidence/ra_gca_v8_32_raw/Scene10_P3.csv","正式V8_V9HTE主算法决选_20260714/03_results/phase1/v8_accepted/raw/Scene10_P3.csv","4586540","A86B53D2726BCFD55C3C88DAF0832A588D3854FDC8A6AC6452316C1358CD3656","A86B53D2726BCFD55C3C88DAF0832A588D3854FDC8A6AC6452316C1358CD3656","supplementary_v8_raw"
"06_supplementary_evidence/ra_gca_v8_32_raw/Scene10_P4.csv","正式V8_V9HTE主算法决选_20260714/03_results/phase1/v8_accepted/raw/Scene10_P4.csv","4585973","CB1B10BF70589F6AC6B01FF60259B0C777C3A01B7D21E6E2814B8827C586CD87","CB1B10BF70589F6AC6B01FF60259B0C777C3A01B7D21E6E2814B8827C586CD87","supplementary_v8_raw"
"06_supplementary_evidence/README_32项完整配对数据说明.md","完整源文件打包工作区_20260715/build_spec/templates/06_supplementary_evidence/README_32项完整配对数据说明.md","1148","B8325CA437CF0D6D2ABD61FA1E14E5887641DC5C50123741C4753D08DD76D992","670F41A6E27A8C75E1405AF811546B4DB44D85574ACE45F29CFF6AC297995177","package_documentation_or_audit"
"08_provenance/report_generation_sources/scripts/annotate_sysblock.py","A8赛题核心工作区/仿真报告规划_20260712/03_第三四章方法写作_20260714/第二次交接终校_20260715/01_scripts/prepare_sysblock_annotated_figure_r12.py","2457","2350DBA8BF56ACC792DE44E3DC74200A8F75920707D3F80A99F691B49A0BF712","2350DBA8BF56ACC792DE44E3DC74200A8F75920707D3F80A99F691B49A0BF712","final_report_generator_source"
"08_provenance/report_generation_sources/scripts/chapter1_figures.py","A8赛题核心工作区/仿真报告规划_20260712/01_第一章稳定内容试写/20260715_第二次交接终校/build_chapter1_report_figures_second_handoff_20260715.py","6968","2D7A1BCD038F27948046E24664FC98EEB6757CEA50D8E2289D8DD81E81ECF44B","52EA0F679E88A7F5B4A886EC8862E2E4877DE47F3104981C0BE66098A0DCE399","final_report_generator_source"
"08_provenance/report_generation_sources/scripts/chapter2_pid_audit.jl","A8赛题核心工作区/仿真报告规划_20260712/02_第二章冻结内容/20260715_第二次交接改稿/01_scripts/syslab/audit_chapter2_pid_baseline.jl","8797","3B9FA759A8E6DDAE22E077257B7395E5AA00809E35D8631C2EBFCC57C70AD769","C3BF02CD9C13594F1AA87E2CE9EC8FB37D2E749D5A73554AA7EA153DB1C91053","final_report_generator_source"
"08_provenance/report_generation_sources/scripts/chapter2_pid_plot.py","A8赛题核心工作区/仿真报告规划_20260712/02_第二章冻结内容/20260715_第二次交接改稿/01_scripts/python/render_figure_2_3_pid_step.py","6072","DD391988DE036E64235BE2DA38243B043CE568BDF08219AF1553487DAB6D8A6F","5D0F03D0EF305E6CD2DD40210A81E0620365B6365AF871D709FF4DCFE9FB68CB","final_report_generator_source"
"08_provenance/report_generation_sources/scripts/chapter2_visio.ps1","A8赛题核心工作区/仿真报告规划_20260712/02_第二章冻结内容/20260715_第二次交接改稿/01_scripts/powershell/generate_chapter2_visio_refined_20260715.ps1","8189","1E6051A1B97F33077EECDED441174A90E40E47719A139A8FC242493071158244","1E6051A1B97F33077EECDED441174A90E40E47719A139A8FC242493071158244","final_report_generator_source"
"08_provenance/report_generation_sources/scripts/chapter34_figures.py","A8赛题核心工作区/仿真报告规划_20260712/03_第三四章方法写作_20260714/第二次交接终校_20260715/01_scripts/generate_chapter34_figures.py","14253","70E68A8126C15762C59EDEBA1A9BC65EAB68FA425F9DE494EAE0132D2D83BF68","A0BACE458EF175EEF634F3CD922C4864A6BB2156936B7A33F6B6F5BA2E8EEE1A","final_report_generator_source"
"08_provenance/report_generation_sources/scripts/chapter34_r11_figures.py","A8赛题核心工作区/仿真报告规划_20260712/03_第三四章方法写作_20260714/第二次交接终校_20260715/01_scripts/generate_chapter34_r11_figures.py","8171","02D09C900F94DB0DFEB447A0F5DD3A6747AD88A0C97336B9C2F6CAC1D70E07FE","02D09C900F94DB0DFEB447A0F5DD3A6747AD88A0C97336B9C2F6CAC1D70E07FE","final_report_generator_source"
"08_provenance/report_generation_sources/scripts/chapter5_figures.py","A8赛题核心工作区/仿真报告规划_20260712/05_第五章冻结内容/20260715_读者表达修订/scripts/generate_chapter5_reader_revision_20260715.py","57089","16F8B948946F655035D5C331A716359F181EFF83C1EB0B654AA4EB45C8B6BE92","92AD985380B27CEEC6ED83E04B084BC4DEB3AB12CA727B91A4D8E61C10BA1104","final_report_generator_source"
"08_provenance/report_generation_sources/scripts/chapter6_figures.py","A8赛题核心工作区/仿真报告规划_20260712/06_第六章单机性能鲁棒性与约束结果_20260714/20260715_第三版读者表达与图表修订/scripts/build_chapter6_third_revision.py","70736","5C750CA0EBD36E99853C36B2536FB173EB94FDD2322E94BBC704CB6DF7A237C4","AB697796851E7D68EB0AC77625B68F0AAF159B7E36E5E027C1324AEFB9F65121","final_report_generator_source"
"08_provenance/report_generation_sources/scripts/chapter7_figures.py","A8赛题核心工作区/仿真报告规划_20260712/07_第七章独立写作_20260714/第二次交接_20260715/scripts/plot_chapter7_figures.py","13933","A485DAB6F6E89907FB41EEFD7EA9F2581616ACF2CF8865C0349ECCA54E1501EE","372F715914CE879D1C5402486FCE4CC1759CC8FE386725554DA728AD529CF270","final_report_generator_source"
"08_provenance/report_generation_sources/scripts/chapter7_metrics.jl","A8赛题核心工作区/仿真报告规划_20260712/07_第七章独立写作_20260714/第二次交接_20260715/scripts/recompute_chapter7_formal.jl","14292","7BDD68F1B6296889F9C5FC1EFB0D38DB80D955FDE35F2352F256B08EE1F0EE6B","F9719395F00930F1D59E8E4EFE8BE6AB320B9C974967B95D60E761ADE06AA43D","final_report_generator_source"
"08_provenance/report_generation_sources/scripts/chapter8_figure.py","tmp/docs/chapter8_rewrite_20260716/generate_chapter8_rewrite.py","36663","34AA11A6028AEDE61B8C1B8C6164AAB380C7981FDAF6703814E2EAB9392A56C3","F9B6AA9861F14D50A52F2BB38AE32C72CA870690006C335147C11D434D142F9F","final_report_generator_source"
"08_provenance/report_generation_sources/scripts/figure6_8_correction.py","tmp/docs/report_merge_20260716/build_corrected_figure_6_8.py","7603","9AF92A027594C1A945CD5BFEC5772767964B8CB16C12882135BC8291E6688DCD","6BEB6C35E750F511D26B3C1F64784FD3029395751316C25FB3F00121DD94C6EB","final_report_generator_source"
"08_provenance/report_generation_sources/scripts/openalex_landscape.py","A8赛题核心工作区/仿真报告规划_20260712/01_第一章稳定内容试写/文献计量热点图_20260713/scripts/build_openalex_landscape.py","36676","ACF9CC4EDDD8F05D63B6764B00488549B7FF161FF0F9B92C80DE89FF25C5153D","01D207255C4C9D51E78F2FF873DB90507F9C172107964434BCE9DB6291115058","final_report_generator_source"
"08_provenance/版权与许可证状态.md","完整源文件打包工作区_20260715/build_spec/templates/08_provenance/COPYRIGHT_AND_LICENSE_STATUS.md","625","A249FC069A3D830F8B8AE04CB2FBB40F4A271F16425E9631AA7F4544D5A99A1A","C7272B3E2804E32014541A09679C5470E03B4018B401250D3BCC1F6BA1A582DD","package_documentation_or_audit"
"08_provenance/第三方依赖与来源说明.md","完整源文件打包工作区_20260715/build_spec/templates/08_provenance/THIRD_PARTY_NOTICES.md","752","1572EE011ABDF39AE70D05E22BC7B6B3D7EB770E51761AB0E2B80E2CF515381C","1572EE011ABDF39AE70D05E22BC7B6B3D7EB770E51761AB0E2B80E2CF515381C","package_documentation_or_audit"
"config/campaign.toml","正式V8_V9HTE主算法决选_20260714/config/campaign.toml","4725","C998E35CD9235285CDF73207570B4223C0FD16F24D486AA53EC79D91B2B33750","07098C250E0E08C5D80A5EBDF42585B1BD8D5BE38A764F20E67FA1AA3873BF84","paired_campaign_contract"
"config/comparator_hard_gates.toml","正式PX4_INDI适配_20260712/00_计划与冻结/formal_scene_hard_gates_v2.toml","2106","716758643A5E1544F92AE8B30EA99444BE42F1C4EF74457E5E7CFBDD0A7D6FCB","716758643A5E1544F92AE8B30EA99444BE42F1C4EF74457E5E7CFBDD0A7D6FCB","comparator_gate_contract"
"config/main_controller.toml","A8比赛工程最终成果包_20260715_RA_GCA_CG_HTE/config/main_controller.toml","1896","99E7FFDD92BF4FA0331C89FD2A8F2ACB29A895C140FB6D8027F0D9D9DCD66362","D7148BFE996969B95186DB7926C947BEF1A88E9BC4400A968704E124B4EF3532","formal_controller_contract"
"MAIN_ALGORITHM.json","A8比赛工程最终成果包_20260715_RA_GCA_CG_HTE/MAIN_ALGORITHM.json","3167","EB83D8CEEA0A8E99F6B3A98C7BBEB6F974444120A1CF3C6392C77029DDD1DD89","787D6FB4581C85CC5FC835570AA8B756A625E13779965C94189DF6F5530FA6D9","formal_algorithm_identity"
"README.md","完整源文件打包工作区_20260715/build_spec/templates/README.md","684","17150B324E1A4A6E2F28BBC136DC59A5AE19FFCA4C099E2CDC8C862DC93E42C4","2B04761286B10EE923E03103423984F9D7070BE1F937F5A17DD1A956A6127A84","package_documentation_or_audit"
"RECOMPUTE_REPORT_EVIDENCE.ps1","可移植性修订_20260716/RECOMPUTE_REPORT_EVIDENCE.ps1","1659","658F45425273208AE67EE93B7617A93C89E987AF716F16977CE7E2451BF4F01B","658F45425273208AE67EE93B7617A93C89E987AF716F16977CE7E2451BF4F01B","package_documentation_or_audit"
"RUN_ALL.ps1","完整源文件打包工作区_20260715/build_spec/templates/RUN_ALL.ps1","2441","2AD26231763F2908166DF32982115189AE2ABCBC773E55CBD9BD995BDC6805D1","799DFF7A5542C624D2DE7D702320B762BAFE150634E2BD93AF7F10A961CDD44D","package_documentation_or_audit"
"RUN_QUICK_VERIFY.ps1","完整源文件打包工作区_20260715/build_spec/templates/RUN_QUICK_VERIFY.ps1","1759","DB5C04C180701F95A2415BCEDAAD37A3AB0A66BB991F9B208D90F9ED19BF20B1","F2FED1DA58CE11D1CDD6E42BBCA849723610ED4B4C976A404D5DA05E46E6C4D5","package_documentation_or_audit"
"test/test_release_static.py","A8比赛工程最终成果包_20260715_RA_GCA_CG_HTE/test/test_release_static.py","6301","46378A1EBBAC55B37D7D98134A4F6B009AE6C19110309B3632BC44D276220E03","BC259BA22865FA92027FCC9A6E79113F735D0C57E14A9D7C18FC812C1498866A","formal_release_static_test"
"test/test_runtime_resolution.ps1","可移植性修订_20260716/test/test_runtime_resolution.ps1","3907","44EEF0CF8CB7E6CB6859A3E90D0585C4188093D2B322513E8EBDEFA3A4EEF610","44EEF0CF8CB7E6CB6859A3E90D0585C4188093D2B322513E8EBDEFA3A4EEF610","portable_runtime_resolution_test"
