case_id,controller,lift_scale,mass_scale,inertia_scale,rmse_m,peak_m,p95_m,terminal_mean_m,max_rotation_orthogonality_error,max_rotation_determinant_error,max_body_rate_radps,max_motor_q,physical_pass,absolute_pass,raw_sha256,raw_path
MC20_01,PID,0.995809775148182,1.005286049584065,0.970253522760161,0.16799958550475483,0.866793254265889,0.4579732315930033,3.085674027911687e-09,8.881784197001252e-16,1.1102230246251565e-15,9.253438706501584e-09,229.26345707443875,True,False,F0359280DA0CF455B8FE0FF53DBD4F0B675CBA74EEDDFAE3921A2324B961A18F,06_supplementary_evidence/parameter_random20_raw/PID/MC20_01.csv
MC20_01,ARDG-RGPC,0.995809775148182,1.005286049584065,0.970253522760161,0.03318575295160511,0.08506659602584057,0.039134933152173756,0.031117808017845586,6.661338147750939e-16,8.881784197001252e-16,1.9612426703782038e-08,216.94285105864208,True,True,7383C0F9F5D5753EE6B08B6569C047EFB636379F84D472B0A73D79D7F8B1A409,06_supplementary_evidence/ardg_rgpc_random20_final/cases/MC20_01/raw.csv
MC20_02,PID,0.978634707145616,1.090587613427398,1.036902824588061,0.17511531691813662,0.896531480340472,0.48164054917487625,1.7279730255258475e-09,8.881784197001252e-16,1.1102230246251565e-15,4.3700011064125596e-07,253.51979426010715,True,False,EE44301C024FA66EB5FA03EF44D1D7C9DCBD1340D278ECE385F746165856E662,06_supplementary_evidence/parameter_random20_raw/PID/MC20_02.csv
MC20_02,ARDG-RGPC,0.978634707145616,1.090587613427398,1.036902824588061,0.022841519367850106,0.1412369439922309,0.05364630783885893,5.761051858018348e-05,6.661338147750939e-16,8.881784197001252e-16,1.555965447321885e-08,242.7671185825087,True,True,AAD95B678CAF09A8E7135A12EE3EF8BB7AD6627F2A2253945E511EFA7430482C,06_supplementary_evidence/ardg_rgpc_random20_final/cases/MC20_02/raw.csv
MC20_03,PID,1.017170109704515,0.940402746378527,1.059340442488578,0.16190192021841937,0.8410509246325123,0.437808249337486,2.947083749452674e-09,8.881784197001252e-16,1.1102230246251565e-15,1.7903854981529837e-08,209.66788069570916,True,False,6496F66557505CFAA46A60BBE06BC04943B87897BD4B87B2E1BC17E8AD10F2B7,06_supplementary_evidence/parameter_random20_raw/PID/MC20_03.csv
MC20_03,ARDG-RGPC,1.017170109704515,0.940402746378527,1.059340442488578,0.011125210025244877,0.07384535492310151,0.020778410851166773,3.6252666744238424e-06,6.661338147750939e-16,8.881784197001252e-16,1.8420804211069844e-08,216.9421406482312,True,True,3D73368CFBE9489F60705177E225EAF9AD900993CFC64C2C06D593DB8624ED57,06_supplementary_evidence/ardg_rgpc_random20_final/cases/MC20_03/raw.csv
MC20_04,PID,0.982014097764776,1.037731212220688,1.036757822216443,0.17125634911784093,0.8804657646985805,0.46781494075367563,1.9546081288589162e-09,8.881784197001252e-16,1.1102230246251565e-15,9.92137791929453e-09,240.18116252983555,True,False,D3F77E6AD066B7DFB433753F4D2CDC05FDB563EC3F8E062F14A24DC71666B534,06_supplementary_evidence/parameter_random20_raw/PID/MC20_04.csv
MC20_04,ARDG-RGPC,0.982014097764776,1.037731212220688,1.036757822216443,0.01812062070558784,0.10488204761654779,0.04696291362737548,4.8776648620568975e-06,6.661338147750939e-16,8.881784197001252e-16,1.3545095915498144e-08,227.73286410159454,True,True,581DACC65D867B949E548C2A61202B2BE98E70F04441BDFE1D5BE1024856110D,06_supplementary_evidence/ardg_rgpc_random20_final/cases/MC20_04/raw.csv
MC20_05,PID,1.045897498811791,1.057036134696979,1.023508536407381,0.1680816392815353,0.8671719612590448,0.458667596493203,3.0167372229197582e-09,8.881784197001252e-16,1.1102230246251565e-15,4.721382752979927e-08,229.54483566992243,True,False,472E94F01F3AEA829685456D94D9B9CA5DFA3C657B57EF73BEB0C9C541C596D6,06_supplementary_evidence/parameter_random20_raw/PID/MC20_05.csv
MC20_05,ARDG-RGPC,1.045897498811791,1.057036134696979,1.023508536407381,0.036506779502603635,0.0866533371501629,0.03911555584588378,0.03482496074993491,6.661338147750939e-16,8.881784197001252e-16,1.7978358850174442e-08,216.94300731754572,True,True,7D2AE3731E522C30BED5892B3B073345BCE822EADE7B54C7D64FB7783832F0D7,06_supplementary_evidence/ardg_rgpc_random20_final/cases/MC20_05/raw.csv
MC20_06,PID,0.903697957699189,0.905487555770600,0.949836124435577,0.1674743803882338,0.8646430262134525,0.4557970652979382,1.0399580968810622e-09,8.881784197001252e-16,1.1102230246251565e-15,1.4126037232696122e-08,227.53984275106623,True,False,AA8D4A952E3616FBCA2FA1B2B7F913C64F3904F9293A21A37BB9894D599AA68D,06_supplementary_evidence/parameter_random20_raw/PID/MC20_06.csv
MC20_06,ARDG-RGPC,0.903697957699189,0.905487555770600,0.949836124435577,0.015634575392004947,0.07565723154311502,0.038894201630728986,0.006475599113248354,2.066172446064983e-25,0.0,1.562066654496334e-08,216.94252247759871,True,True,7D1C8B070DBA192F96F6B9EF009CAE800535F77198F61E044C0BBCB002461555,06_supplementary_evidence/ardg_rgpc_random20_final/cases/MC20_06/raw.csv
MC20_07,PID,1.099876083771944,1.063412689564851,0.947035090217913,0.16497936563975377,0.8540841790464635,0.4468249648761864,9.50176264239445e-10,8.268118457131369e-25,0.0,1.3508675712982115e-08,219.42258255648062,True,False,498B750BA1E921CCB7F7B32C98E037B2A1E3C234EFE541366A31EC26CCE6B9AC,06_supplementary_evidence/parameter_random20_raw/PID/MC20_07.csv
MC20_07,ARDG-RGPC,1.099876083771944,1.063412689564851,0.947035090217913,0.10902969486242921,0.18046152706812424,0.11168226751817167,0.108407938690944,6.661338147750939e-16,8.881784197001252e-16,1.5527824692472515e-08,216.9427343296019,True,False,2081723D625B3AFED4AEBE93F7F2A9FC318108FD5FA3250ECE048EE7B4635F8D,06_supplementary_evidence/ardg_rgpc_random20_final/cases/MC20_07/raw.csv
MC20_08,PID,0.919301670838682,1.082267861351919,0.925177640790480,0.17918656027523305,0.9133598273692318,0.4948149796544085,1.1242522019543345e-10,8.881784197001252e-16,1.1102230246251565e-15,1.2378550732606803e-06,268.0747868978947,True,False,560EA2C9A76C7B99FC84AAA13B6CCD56441CAD5B75CAB2EA3C71BB60BD7A2CDA,06_supplementary_evidence/parameter_random20_raw/PID/MC20_08.csv
MC20_08,ARDG-RGPC,0.919301670838682,1.082267861351919,0.925177640790480,0.028456245996492113,0.1712959581917751,0.05926801632509204,0.00034127431921399196,2.220446049250313e-16,2.220446049250313e-16,1.6474837981282856e-08,251.02035124349604,True,True,2F323D6C9DAEFFFF2916646E1DD31729B73EBF20ACA258A2B47379D436A81046,06_supplementary_evidence/ardg_rgpc_random20_final/cases/MC20_08/raw.csv
MC20_09,PID,0.929783487318464,1.065802758461065,1.052281888404361,0.17719721458753143,0.9051723638815589,0.4888137406815857,3.2083549894925233e-10,8.881784197001252e-16,1.1102230246251565e-15,4.3825129328015856e-07,260.89903644122785,True,False,57B28A595532024C9F27942AD3EFFCDAB54F4420B15210DA0C35D82A6403DC67,06_supplementary_evidence/parameter_random20_raw/PID/MC20_09.csv
MC20_09,ARDG-RGPC,0.929783487318464,1.065802758461065,1.052281888404361,0.02547558658491743,0.15608706097938937,0.05692077602778689,0.00017821165535819873,5.551115123125783e-16,7.771561172376096e-16,1.2694013524825668e-08,246.73512393420015,True,True,474E5B4DBC8364B9CE43421ABA9B34030197A2BF973686F3B1C6A2670A7EEF1E,06_supplementary_evidence/ardg_rgpc_random20_final/cases/MC20_09/raw.csv
MC20_10,PID,1.051353085466218,0.921158660145964,1.001071893636748,0.15828415834648168,0.8257208842173379,0.4258091100910281,1.9320772333927537e-10,8.881784197001252e-16,1.1102230246251565e-15,2.4846584964701464e-08,198.55406694809685,True,False,FA0AD3D2A9B9C83090C7EF95B7FC38E26785DA031DAA855650C4769DBB0ED734,06_supplementary_evidence/parameter_random20_raw/PID/MC20_10.csv
MC20_10,ARDG-RGPC,1.051353085466218,0.921158660145964,1.001071893636748,0.011024408537966936,0.0737130916954758,0.020939997048778913,4.984229992515568e-06,6.661338147750939e-16,8.881784197001252e-16,1.4508730747600454e-08,216.9417596605593,True,True,3B58EEFC3FE4165206E0E90DF4504913A65D53EF86A355F6D2DFB0C5CDCDB7A4,06_supplementary_evidence/ardg_rgpc_random20_final/cases/MC20_10/raw.csv
MC20_11,PID,0.966421248875033,1.011565718626388,0.968889413092035,0.17057280366354116,0.8776105329659833,0.46594760616135816,6.772328162319963e-10,8.881784197001252e-16,1.1102230246251565e-15,2.9307254885395336e-07,237.8691298587956,True,False,B79713A69949D448A9B7FE044131FE7A39B2565F92D031EDF1FE72A62638BA39,06_supplementary_evidence/parameter_random20_raw/PID/MC20_11.csv
MC20_11,ARDG-RGPC,0.966421248875033,1.011565718626388,0.968889413092035,0.017554644058850332,0.09995845240903606,0.04612566468701679,4.373082384818825e-06,6.661338147750939e-16,8.881784197001252e-16,1.3543660925429871e-08,224.69035546852996,True,True,5A519E6247826B7DF5D3BFB1AA3F43F2B6E24E2DBAEB36A86748B6880F865138,06_supplementary_evidence/ardg_rgpc_random20_final/cases/MC20_11/raw.csv
MC20_12,PID,0.973043711936830,1.070406853408159,0.974394420130363,0.17416858383435205,0.8926323485196991,0.47811315108302976,2.3525536563508074e-09,8.881784197001252e-16,1.1102230246251565e-15,7.741523796973312e-08,250.21425644523396,True,False,B3FFA9E65B071B27BD7A6B97A640B7B280E80E1C8E330C0A41145F9203C3048C,06_supplementary_evidence/parameter_random20_raw/PID/MC20_12.csv
MC20_12,ARDG-RGPC,0.973043711936830,1.070406853408159,0.974394420130363,0.02152532325735483,0.13304243111743635,0.051802165500128616,8.160875706753078e-06,6.661338147750939e-16,8.881784197001252e-16,1.4967238464608984e-08,240.80389597938535,True,True,9D49CA76AF807E8EA3DAE5E3C5EC41105802F570579D0E0648B091BDE86E0888,06_supplementary_evidence/ardg_rgpc_random20_final/cases/MC20_12/raw.csv
MC20_13,PID,0.998899220081323,0.945224406851253,0.905786810445201,0.16349108168643445,0.847764370038762,0.4427399649294729,3.7061744857797086e-09,8.881784197001252e-16,1.1102230246251565e-15,1.2613861515859834e-08,214.66559803871655,True,False,7B45784065D6E66BDCBC92CE55A3608A57A88D7E72B77377B98495363FD19AB6,06_supplementary_evidence/parameter_random20_raw/PID/MC20_13.csv
MC20_13,ARDG-RGPC,0.998899220081323,0.945224406851253,0.905786810445201,0.012004775210142487,0.07388458943484832,0.028712300248624922,3.2129179795215706e-06,6.661338147750939e-16,8.881784197001252e-16,1.7022373891875452e-08,216.94229544593605,True,True,B09D6016DC465168BA561896AD209383910FFF4A929990EE939EFC486F2915FC,06_supplementary_evidence/ardg_rgpc_random20_final/cases/MC20_13/raw.csv
MC20_14,PID,1.069579363822805,1.096462761935660,1.025262950811366,0.16908888096241187,0.8713956451653698,0.4618260229155709,7.80665004632656e-10,8.881784197001252e-16,1.1102230246251565e-15,4.146045774227869e-07,232.88428909536083,True,False,5B4964D247A5989D3BE0411FDFADF54CA358EB4FD8A2AE9EECC0903AEDD8F85B,06_supplementary_evidence/parameter_random20_raw/PID/MC20_14.csv
MC20_14,ARDG-RGPC,1.069579363822805,1.096462761935660,1.025262950811366,0.08155027232472868,0.1116186850104473,0.08388129609958339,0.08218998496273788,6.661338147750939e-16,8.881784197001252e-16,1.2481256232889957e-08,216.9432149025562,True,False,A97A37DC747394C36EBD5DAA47E0A30BB1D2A369B68A5D8361B18B69BCC729DD,06_supplementary_evidence/ardg_rgpc_random20_final/cases/MC20_14/raw.csv
MC20_15,PID,0.915660261306453,1.097872695883576,1.061026730702904,0.18056498046761263,0.919067722912287,0.5006096854453254,8.976607204492772e-10,8.881784197001252e-16,1.1102230246251565e-15,9.053762030447146e-08,273.10856265381335,True,False,ED88D7BD9AAE512AE5D22AB7E3FF9A5C221E9B52941DB1D43815C0D8005B6793,06_supplementary_evidence/parameter_random20_raw/PID/MC20_15.csv
MC20_15,ARDG-RGPC,0.915660261306453,1.097872695883576,1.061026730702904,0.0308452412534175,0.18273539601024286,0.0594730074799541,0.00048755817982913663,6.661338147750939e-16,8.881784197001252e-16,1.740290529453054e-08,254.4926730066804,True,True,CAF43A38BEF77EC96F16B3BEFCB27E36120F82CBA429F98FA5CDDDA9DB9A3336,06_supplementary_evidence/ardg_rgpc_random20_final/cases/MC20_15/raw.csv
MC20_16,PID,0.901581550438133,1.073990357092080,0.974568142917412,0.18007121645310875,0.9169950788778818,0.4978127918448699,7.012228491611742e-10,8.881784197001252e-16,1.1102230246251565e-15,1.0108458047136617e-08,271.30664701853664,True,False,7F7253414FECCAE8C85A261A45EA980BBC4E06D8AD56C21D163815B0A1FC2C7A,06_supplementary_evidence/parameter_random20_raw/PID/MC20_16.csv
MC20_16,ARDG-RGPC,0.901581550438133,1.073990357092080,0.974568142917412,0.029959367009752137,0.1785696684038262,0.05963543990648423,0.000431579397739431,6.661338147750939e-16,8.881784197001252e-16,1.4673286727589707e-08,253.22731099217427,True,True,42B783D894E5B4F4AECD3CB9AE95C2E7E0DD38AAC011F50B40591F30D110785E,06_supplementary_evidence/ardg_rgpc_random20_final/cases/MC20_16/raw.csv
MC20_17,PID,0.951738497192313,1.047252029028881,1.022082544371698,0.1741887770770954,0.892725303670765,0.47830357441914506,3.280543200527251e-10,8.881784197001252e-16,1.1102230246251565e-15,7.40332370571078e-08,250.28830977257007,True,False,C3AA8BC9F02C94EC9B07A11BA92B2D8F0D77F7560412AE14144C6E7FF9DD12A6,06_supplementary_evidence/parameter_random20_raw/PID/MC20_17.csv
MC20_17,ARDG-RGPC,0.951738497192313,1.047252029028881,1.022082544371698,0.021550978475164222,0.13324787539814098,0.051900158439804944,8.190127871327923e-06,6.661338147750939e-16,8.881784197001252e-16,2.053278281775502e-08,240.90755503812534,True,True,4879CC3F56CC96C12F4E8104490F2CB54C2C4569CCDC1649ECE2A700B28F60A3,06_supplementary_evidence/ardg_rgpc_random20_final/cases/MC20_17/raw.csv
MC20_18,PID,0.945057984774874,0.999450174645721,0.991104114654558,0.17131074601324214,0.8806831221155372,0.46780870318224055,9.5707661317633e-11,8.881784197001252e-16,1.1102230246251565e-15,8.628314874619636e-08,240.367558313549,True,False,5552FE7396BA539BC7F6CB345F66426E97F15873D4291FED7266E3874C1709A6,06_supplementary_evidence/parameter_random20_raw/PID/MC20_18.csv
MC20_18,ARDG-RGPC,0.945057984774874,0.999450174645721,0.991104114654558,0.018178509746619796,0.10537927579278634,0.04696287625570994,4.922705187451255e-06,4.134394775714217e-25,0.0,2.8487078763686944e-08,228.00256305818408,True,True,A2AA7B2AB064E067AE655480DC595984439BA53027B6F84933FD8A91A9CEEDE1,06_supplementary_evidence/ardg_rgpc_random20_final/cases/MC20_18/raw.csv
MC20_19,PID,1.089855341380157,1.009733080400409,0.988599694539760,0.16204516933412075,0.8416509054979954,0.4378190867705728,2.5712449275930395e-10,8.881784197001252e-16,1.1102230246251565e-15,3.3160773564194067e-08,210.10686900481335,True,False,3433BA064D15F71BD939BDDCFC12ACADDF5BF43454778D65ED5456EE8B966D1C,06_supplementary_evidence/parameter_random20_raw/PID/MC20_19.csv
MC20_19,ARDG-RGPC,1.089855341380157,1.009733080400409,0.988599694539760,0.011190698091147706,0.0738493773160005,0.021550996423092272,3.582001356424045e-06,2.220446049250313e-16,2.220446049250313e-16,1.6387799224838338e-08,216.94231584338704,True,True,2EC73A23277D12248E800A701C1FD6EB041E00FCCDB21505D0B44B0DE469DFCA,06_supplementary_evidence/ardg_rgpc_random20_final/cases/MC20_19/raw.csv
MC20_20,PID,1.059459967827924,0.939137534670619,0.995541328406426,0.15905555337507168,0.828878822790201,0.42823564807142556,3.1509033965617215e-10,8.881784197001252e-16,1.1102230246251565e-15,1.4428857087915257e-08,200.87013996936344,True,False,5A087E0EBBD3498BAB25AFF4FC93993238737C565822383A50801C9E9FD09379,06_supplementary_evidence/parameter_random20_raw/PID/MC20_20.csv
MC20_20,ARDG-RGPC,1.059459967827924,0.939137534670619,0.995541328406426,0.010744360720660892,0.07374665448472606,0.014669142796555512,4.653817641317875e-06,6.661338147750939e-16,8.881784197001252e-16,1.7607743197720028e-08,216.94187076542593,True,True,4A2E73658CD7DE070B63FA84F0F06EDC01EB394E91D823BC58DDB79DBEB1A14F,06_supplementary_evidence/ardg_rgpc_random20_final/cases/MC20_20/raw.csv
